seed,stage,num_evs,episode,reward,loss,actor_loss,critic_loss,entropy,lambda_1,constraint_cost
42,1,10,1,262.3874358146266,2.0799195766448975,2.079479455947876,0.0008801795775070786,2.079440116882324,0.09950000047683716,0.0
42,1,10,2,278.6164348432185,2.0795390605926514,2.0794906616210938,9.6846793894656e-05,2.0794410705566406,0.0989999994635582,0.0
42,1,10,3,262.57347428808407,2.0788142681121826,2.078810691833496,7.179005478974432e-06,2.0794410705566406,0.09849999845027924,0.0
42,1,10,4,286.1358377228457,2.077683210372925,2.077683210372925,8.654770056182315e-08,2.0794315338134766,0.09800000488758087,0.0
42,1,10,5,274.60221976470774,2.079625129699707,2.0796122550964355,2.5967010515159927e-05,2.079439163208008,0.09750001132488251,0.0
42,1,10,6,270.2623672159163,2.0781407356262207,2.078097105026245,8.706462540430948e-05,2.0794310569763184,0.09700002521276474,0.0
42,1,10,7,289.2891740292298,2.081295967102051,2.0812788009643555,3.4095286537194625e-05,2.0793776512145996,0.09650002419948578,0.0
42,1,10,8,266.6227083894223,2.0829665660858154,2.08296537399292,2.528818185965065e-06,2.079404592514038,0.09600003808736801,0.0
42,1,10,9,274.1532529470577,2.079397439956665,2.079397201538086,2.573181063780794e-07,2.079439640045166,0.09550005197525024,0.00043026110506616533
42,1,10,10,260.342393131266,2.0777759552001953,2.0777699947357178,1.1985507626377512e-05,2.0794355869293213,0.09500005841255188,0.0
42,1,10,11,270.8452728257748,2.079218864440918,2.079218626022339,2.5331252118121483e-07,2.0794410705566406,0.09450007230043411,0.0
42,1,10,12,263.1032364671101,2.0812559127807617,2.0812556743621826,2.5992113705797237e-07,2.0794315338134766,0.09400007128715515,0.0
42,1,10,13,270.1810957979973,2.0800554752349854,2.0800552368164062,5.93873949128465e-07,2.0794410705566406,0.09350008517503738,0.0
42,1,10,14,286.03670336703897,2.0791985988616943,2.0791983604431152,2.638061857851426e-07,2.0794408321380615,0.09300009906291962,0.0
42,1,10,15,286.1397962486565,2.0794177055358887,2.0794172286987305,8.533949085176573e-07,2.0794413089752197,0.09250009804964066,0.0
42,1,10,16,256.8545685047875,2.079430341720581,2.079430341720581,2.040083444398988e-07,2.079435348510742,0.09200010448694229,0.0
42,1,10,17,269.84301893370326,2.0796706676483154,2.0796682834625244,4.915049430564977e-06,2.079439640045166,0.09150011092424393,0.0
42,1,10,18,285.07715225420986,2.0791945457458496,2.0791914463043213,6.314152415143326e-06,2.0794410705566406,0.09100011736154556,0.0
42,1,10,19,261.69693617534745,2.079810380935669,2.079805850982666,9.274703188566491e-06,2.0794410705566406,0.0905001237988472,0.0
42,1,10,20,272.34628018975314,2.0809364318847656,2.0809361934661865,6.663343583568349e-07,2.079435348510742,0.09000013023614883,0.0
42,1,10,21,245.28161537247146,2.0792906284332275,2.079289674758911,1.769265054463176e-06,2.0794410705566406,0.08950013667345047,0.0
42,1,10,22,264.12310029165786,2.0792808532714844,2.0792794227600098,2.6781247015605913e-06,2.0794410705566406,0.0890001505613327,0.0
42,1,10,23,263.99781471780113,2.078547239303589,2.0785458087921143,2.6247810183122056e-06,2.0794358253479004,0.08850014954805374,0.0
42,1,10,24,269.73747907821104,2.075387954711914,2.075385570526123,4.621006610250333e-06,2.0793399810791016,0.08800016343593597,0.0
42,1,10,25,275.56302387648634,2.079092264175415,2.0790913105010986,1.9032904674531892e-06,2.079439878463745,0.08750016987323761,0.0
42,2,50,1,262.6465669139187,2.079035758972168,2.0789825916290283,9.46252782796364e-07,2.079436779022217,0.08700016885995865,0.0004159490636084229
42,2,50,2,266.7255204744642,2.079869031906128,2.0798685550689697,8.226560339608113e-07,2.079439401626587,0.08650016784667969,0.0
42,2,50,3,269.2229468726591,2.0795106887817383,2.0793845653533936,2.1380471935117384e-06,2.0794200897216797,0.08600018173456192,0.0011072055203840137
42,2,50,4,267.76145372501554,2.0788118839263916,2.0788114070892334,1.0216446071353857e-06,2.079427719116211,0.08550019562244415,0.0
42,2,50,5,265.2619276628279,2.079197883605957,2.079197883605957,7.149949254880994e-08,2.0794379711151123,0.08500019460916519,0.0
42,2,50,6,257.9953124140546,2.0791749954223633,2.0791385173797607,1.6218541531998198e-07,2.079440116882324,0.08450020104646683,0.0004205061704851687
42,2,50,7,258.5299506260038,2.079946279525757,2.0799405574798584,1.1219060979783535e-05,2.079432487487793,0.08400020003318787,0.0
42,2,50,8,255.83438680172202,2.0790414810180664,2.079040288925171,2.32927277465933e-06,2.0794293880462646,0.0835002139210701,0.0
42,2,50,9,249.15685973397953,2.0801634788513184,2.080162763595581,1.6163836562554934e-06,2.0794267654418945,0.08300021290779114,0.0
42,2,50,10,270.56589966736857,2.0789527893066406,2.0789525508880615,5.311018753673125e-07,2.079414129257202,0.08250021934509277,0.0
42,2,50,11,263.3835409029385,2.07926082611084,2.0792596340179443,2.1725018086726777e-06,2.0794408321380615,0.08200022578239441,0.00038891832809895277
42,2,50,12,269.1122381190577,2.0801596641540527,2.0801591873168945,9.494371511209465e-07,2.0794386863708496,0.08150022476911545,0.0
42,2,50,13,258.4098462942253,2.079314708709717,2.079312324523926,4.758569502882892e-06,2.0794408321380615,0.08100023120641708,0.0004385045322123915
42,2,50,14,251.4563700400615,2.0793795585632324,2.0793731212615967,1.268646155949682e-05,2.079411268234253,0.08050023019313812,0.0
42,2,50,15,271.2364180811585,2.079775810241699,2.0797181129455566,6.160383236419875e-06,2.0794363021850586,0.08000024408102036,0.0004652614297810942
42,2,50,16,266.1792159143999,2.0793416500091553,2.079257011413574,2.737389195317519e-06,2.0794403553009033,0.07950025796890259,0.0009036742267198861
42,2,50,17,263.58538990778135,2.0794677734375,2.0794668197631836,1.939010871865321e-06,2.079439401626587,0.07900026440620422,0.0
42,2,50,18,260.4964227658602,2.079633951187134,2.079633951187134,7.291896508831996e-08,2.0794403553009033,0.07850027084350586,0.0
42,2,50,19,264.6646175005747,2.0792322158813477,2.0792322158813477,1.9718117982847616e-07,2.07943058013916,0.07800028473138809,0.0
42,2,50,20,270.968832331411,2.0799076557159424,2.079906940460205,1.4137142443360062e-06,2.079439640045166,0.07750028371810913,0.0
42,2,50,21,257.02763792145436,2.080806016921997,2.0807909965515137,8.121612040667969e-07,2.07924747467041,0.07700029760599136,0.0005324141238816082
42,2,50,22,262.5312938265467,2.080491542816162,2.0804615020751953,1.5110072126844898e-06,2.079423189163208,0.076500304043293,0.0002031750773312524
42,2,50,23,261.34827674059284,2.0785300731658936,2.078528642654419,2.9935788461443735e-06,2.0794031620025635,0.07600031793117523,0.0
42,2,50,24,260.5165167981195,2.079235792160034,2.079235315322876,8.574950811635063e-07,2.079376697540283,0.07550031691789627,0.0
42,2,50,25,268.98424607334186,2.079927682876587,2.079907178878784,3.685606202452618e-07,2.079432487487793,0.0750003233551979,0.00019969070854131132
42,3,100,1,281.17513670132354,2.079108715057373,2.079085111618042,5.188908289710525e-07,2.0793983936309814,0.07450032979249954,0.00020101599511690438
42,3,100,2,272.8804785878815,2.0802457332611084,2.0802295207977295,1.2349710232228972e-07,2.0794317722320557,0.07400033622980118,0.00026340835029259324
42,3,100,3,267.76716806039593,2.08109712600708,2.0810744762420654,3.6685964488469835e-08,2.079287528991699,0.07350033521652222,0.0002789126301649958
42,3,100,4,271.47308293241105,2.077322244644165,2.0773210525512695,1.9685377772304946e-09,2.079397678375244,0.07300033420324326,0.0003883577592205256
42,3,100,5,273.1978130313839,2.079449415206909,2.0794286727905273,1.4654698077265493e-07,2.079392194747925,0.0725003331899643,0.0002626989153213799
42,3,100,6,271.66453962938436,2.0792293548583984,2.0791895389556885,6.173494284666958e-07,2.0794386863708496,0.07200033962726593,0.0009699571528472006
42,3,100,7,279.63069605445264,2.078645706176758,2.0786452293395996,1.161406089522643e-06,2.079390525817871,0.07150034606456757,0.000250924815190956
42,3,100,8,271.6340247587245,2.079723834991455,2.079718828201294,7.998522022489851e-08,2.079411268234253,0.0710003450512886,8.939114195527509e-05
42,3,100,9,280.3541851445233,2.0779294967651367,2.0779294967651367,8.294526310237416e-08,2.079403877258301,0.07050035893917084,0.0001831741101341322
42,3,100,10,276.37746251352365,2.079526901245117,2.079526901245117,2.2699013868532347e-07,2.079413652420044,0.07000036537647247,0.0
42,3,100,11,271.1076519707106,2.0788609981536865,2.0788521766662598,5.1832742542501364e-09,2.0793612003326416,0.0695003792643547,0.0005001058452762663
42,3,100,12,278.56924990449886,2.0787875652313232,2.078787326812744,5.03480350744212e-07,2.0793251991271973,0.06900039315223694,0.0
42,3,100,13,279.1326635944152,2.079986810684204,2.079986810684204,1.3254081387970018e-08,2.0792691707611084,0.06850040704011917,0.0003325832658447325
42,3,100,14,266.22158800398955,2.0795559883117676,2.079542875289917,2.935518494950884e-08,2.0793192386627197,0.0680004134774208,0.00033057245309464633
42,3,100,15,284.1390579316387,2.079583168029785,2.079583168029785,4.893286331686397e-10,2.079425096511841,0.06750041991472244,0.0001861177443061024
42,3,100,16,273.5003100232228,2.0802414417266846,2.0802407264709473,1.4924271454219706e-06,2.079423189163208,0.06700042635202408,1.8781267499434762e-05
42,3,100,17,274.14847068303897,2.0800817012786865,2.080080986022949,1.2079356110916706e-06,2.079406499862671,0.06650044023990631,0.0
42,3,100,18,276.0795652188061,2.0789153575897217,2.0789151191711426,2.793195790218306e-07,2.079415798187256,0.06600043922662735,2.0183584638289176e-05
42,3,100,19,280.4097594527216,2.079348087310791,2.079348087310791,1.380571745812631e-07,2.0793814659118652,0.06550045311450958,0.00024450369528494775
42,3,100,20,275.9526876421413,2.0776758193969727,2.077669620513916,2.0881625459878705e-06,2.0793981552124023,0.06500045210123062,0.00013579220103565603
42,4,250,1,265.2667955553653,2.0800588130950928,2.0800557136535645,6.30792442279926e-07,2.079409599304199,0.06450045853853226,2.005681199079845e-05
42,4,250,2,271.61235285075446,2.079641819000244,2.079636335372925,1.7984034172968677e-07,2.079408645629883,0.06400046497583389,0.0001134489502874203
42,4,250,3,271.66857900793383,2.079584836959839,2.0795724391937256,7.669879842353566e-09,2.0793616771698,0.06350047141313553,0.00035200733691453934
42,4,250,4,271.81700509432005,2.0796754360198975,2.0796656608581543,1.9228082237532362e-06,2.079411506652832,0.06300047785043716,0.00027901490102522075
42,4,250,5,270.3058428034733,2.077941656112671,2.07793927192688,2.2993167192453257e-07,2.0792787075042725,0.0625004917383194,0.0001702032604953274
42,4,250,6,271.4475336266837,2.0793802738189697,2.079371929168701,3.890983748533472e-07,2.0794224739074707,0.06200050935149193,0.0003798913094215095
42,4,250,7,266.54799868408713,2.0799403190612793,2.079932451248169,5.7279457621461916e-08,2.0794150829315186,0.06150051951408386,0.00023642234737053514
42,4,250,8,266.3335620861705,2.0790467262268066,2.079045057296753,1.7165836807553347e-10,2.0794334411621094,0.06100053712725639,0.00032471056329086423
42,4,250,9,268.7093516708269,2.0797269344329834,2.0797243118286133,9.773756914910336e-08,2.079434871673584,0.060500551015138626,0.00013480777852237225
42,4,250,10,268.8079948196684,2.0794801712036133,2.0794789791107178,2.4225008132816583e-07,2.079427480697632,0.06000055372714996,0.00011524937872309238
42,4,250,11,266.54787022606644,2.0796563625335693,2.0796475410461426,2.1462567278973665e-09,2.0794332027435303,0.0595005638897419,0.0003105189825873822
42,4,250,12,267.06958094982724,2.0790109634399414,2.0790109634399414,1.4585437746461594e-08,2.079300880432129,0.05900057777762413,7.488336996175349e-05
42,4,250,13,268.70874747836865,2.0791499614715576,2.079148054122925,1.2762091827767108e-08,2.0793750286102295,0.05850059166550636,0.00012780183169525117
42,4,250,14,272.47302652942244,2.0805788040161133,2.080575942993164,6.295930177202536e-08,2.0793349742889404,0.058000598102808,0.00018907085177488625
42,4,250,15,269.06881899580907,2.0780842304229736,2.0780811309814453,4.25378132717924e-08,2.0791611671447754,0.05750061571598053,0.00013101028162054718
42,5,500,1,263.67272671804545,2.07985520362854,2.0798544883728027,9.814561963139568e-08,2.079319477081299,0.05700063332915306,0.0001118913569371216
42,5,500,2,266.6361154875594,2.0772159099578857,2.0772149562835693,1.2704646223937743e-07,2.079010009765625,0.056500647217035294,0.00010584304254734889
42,5,500,3,266.6730262428545,2.0788018703460693,2.078801155090332,7.220558873033411e-11,2.0794076919555664,0.05600065365433693,0.00012897349370177835
42,5,500,4,263.2719192872085,2.0791523456573486,2.0791478157043457,7.329863382921076e-09,2.079415798187256,0.055500663816928864,0.0003390963829588145
42,5,500,5,266.3955442900529,2.0790743827819824,2.0790727138519287,1.829054809832087e-07,2.079361915588379,0.0550006702542305,0.00021201037452556193
42,5,500,6,265.2273589162634,2.0778558254241943,2.0778543949127197,9.944536749628696e-09,2.0791754722595215,0.054500680416822433,0.00015283683023881167
42,5,500,7,266.89430679454273,2.0808653831481934,2.080862045288086,3.2977371944298284e-08,2.0793261528015137,0.054000694304704666,0.00022218601952772588
42,5,500,8,268.08678730235386,2.0783331394195557,2.07833194732666,1.9618329361037468e-07,2.079233169555664,0.0535007007420063,0.0001448262919439003
42,5,500,9,261.26099009514365,2.0797479152679443,2.0797457695007324,4.6316955604197574e-08,2.0793991088867188,0.053000710904598236,0.00031235101050697267
42,5,500,10,264.1063522344902,2.0788772106170654,2.0788748264312744,1.0401241468116496e-07,2.07932710647583,0.05250072851777077,0.0003122723719570786
42,5,500,11,263.346935620149,2.078007221221924,2.0780060291290283,3.008283613326057e-07,2.07928466796875,0.0520007349550724,9.957755537470803e-05
42,5,500,12,265.1550859277163,2.0794806480407715,2.079479932785034,2.0111114906740113e-07,2.079061269760132,0.05150074139237404,0.00024402640701737255
42,5,500,13,263.5982107778528,2.0803160667419434,2.080314874649048,9.883773799401752e-08,2.079329252243042,0.051000747829675674,0.00022763233573641628
42,5,500,14,264.63487024172605,2.0783751010894775,2.0783743858337402,1.0777756642710301e-07,2.0793113708496094,0.05050076171755791,0.00031230365857481956
42,5,500,15,265.66613989866016,2.079379081726074,2.079378843307495,1.5981473211468256e-07,2.0794320106506348,0.05000077188014984,0.00011105441808467731
42,6,1000,1,265.4185100341998,2.0789525508880615,2.0789525508880615,1.311036967877044e-08,2.079221725463867,0.04950077831745148,0.00022371929662767798
42,6,1000,2,266.0802413355104,2.079414129257202,2.079414129257202,1.730571241864709e-08,2.0792417526245117,0.04900078475475311,0.00023999829136300832
42,6,1000,3,266.4640346848421,2.079397201538086,2.079397201538086,5.159693117207098e-08,2.078951597213745,0.048500798642635345,0.00017098996613640338
42,6,1000,4,267.654379155774,2.0786519050598145,2.0786516666412354,6.584876928172889e-07,2.0793027877807617,0.04800080880522728,0.00010400255268905312
42,6,1000,5,269.37852992751755,2.0796990394592285,2.0796985626220703,8.016937727006734e-07,2.079415798187256,0.04750082269310951,8.050214819377288e-05
42,6,1000,6,266.86321504946955,2.078908681869507,2.078908681869507,1.2136980842569756e-07,2.0793797969818115,0.04700082913041115,6.982561171753332e-05
42,6,1000,7,266.9868883300411,2.0789639949798584,2.0789639949798584,1.794740143168383e-07,2.0793368816375732,0.046500835567712784,0.00024637006572447717
42,6,1000,8,267.1538615940042,2.0788466930389404,2.0788466930389404,4.817439247517541e-08,2.079406499862671,0.04600084200501442,0.0003636036126408726
42,6,1000,9,264.7435656236063,2.0795326232910156,2.0795326232910156,8.18268119928689e-08,2.079335927963257,0.045500852167606354,0.00029091458418406546
42,6,1000,10,266.022119255713,2.0793793201446533,2.0793793201446533,6.957221643233424e-08,2.0789902210235596,0.04500085860490799,0.00014959189866203815
123,1,10,1,263.7809229378265,2.079906463623047,2.0794456005096436,0.0009216179605573416,2.079439640045166,0.09950000047683716,0.0
123,1,10,2,277.38088747554167,2.0798733234405518,2.079866886138916,1.2971398064109962e-05,2.079439640045166,0.0989999994635582,0.0
123,1,10,3,263.33979605754195,2.079256057739258,2.0792453289031982,2.1672352886525914e-05,2.0794403553009033,0.09849999845027924,0.0
123,1,10,4,273.85352546650597,2.079735279083252,2.0797276496887207,1.5147293197514955e-05,2.0794413089752197,0.09800000488758087,0.0
123,1,10,5,280.5527034793246,2.0794663429260254,2.0794639587402344,4.9743111958377995e-06,2.0794410705566406,0.09750001132488251,0.0
123,1,10,6,277.83210414069436,2.0788052082061768,2.0788052082061768,2.5728104091626847e-08,2.079439878463745,0.09700002521276474,0.0
123,1,10,7,290.0714355446812,2.0796244144439697,2.0796215534210205,5.62153581995517e-06,2.0794403553009033,0.09650002419948578,0.0
123,1,10,8,287.7913493530032,2.0805258750915527,2.0805246829986572,2.2753824850951787e-06,2.079432725906372,0.09600003808736801,0.0015240417560562491
123,1,10,9,261.38387235657444,2.07865834236145,2.078657865524292,1.0544328006290016e-06,2.079437732696533,0.09550005197525024,0.0
123,1,10,10,291.6824562731584,2.078298568725586,2.078296661376953,3.599866204240243e-06,2.079434633255005,0.09500005841255188,0.0
123,1,10,11,255.3483018958287,2.08046293258667,2.0804624557495117,7.490974098800507e-07,2.079434633255005,0.09450007230043411,0.0
123,1,10,12,254.32632350580468,2.081705331802368,2.0817008018493652,9.061833225132432e-06,2.0794241428375244,0.09400007128715515,0.0
123,1,10,13,290.5780271829904,2.078451156616211,2.078437089920044,2.8211619792273268e-05,2.0794262886047363,0.09350008517503738,0.0
123,1,10,14,283.26559279588656,2.0787549018859863,2.0787549018859863,7.909230603786455e-09,2.079436779022217,0.09300009906291962,0.0
123,1,10,15,253.92898752207975,2.0810089111328125,2.0810084342956543,9.81748485173739e-07,2.0794355869293213,0.09250009804964066,0.0
123,1,10,16,255.67682365200878,2.0803773403167725,2.0803771018981934,2.7971938720838807e-07,2.079432249069214,0.09200010448694229,0.0
123,1,10,17,259.50786019495484,2.0797126293182373,2.079711437225342,2.4180060336220777e-06,2.079437255859375,0.09150011092424393,0.0
123,1,10,18,262.94877061339395,2.0754265785217285,2.0752205848693848,1.1874086567331688e-06,2.079399824142456,0.09100011736154556,0.0005137791740708053
123,1,10,19,266.4492425542221,2.0855743885040283,2.0855743885040283,9.603997597196212e-08,2.0793092250823975,0.0905001237988472,0.0
123,1,10,20,262.67265022658495,2.074492931365967,2.0744924545288086,1.028127599056461e-06,2.079319477081299,0.09000013023614883,0.0009781259577721357
123,1,10,21,281.86954092491675,2.079876661300659,2.07987642288208,5.336052026905236e-07,2.079437255859375,0.08950013667345047,0.0
123,1,10,22,266.66785801463357,2.0815834999084473,2.081364154815674,2.1392620510596316e-06,2.079191207885742,0.0890001505613327,0.0003684574330691248
123,1,10,23,278.3003323065973,2.0943689346313477,2.0943689346313477,9.653704324819046e-08,2.078824996948242,0.08850014954805374,0.0
123,1,10,24,282.228556359752,2.0802395343780518,2.080235242843628,8.728067768970504e-06,2.0793097019195557,0.08800016343593597,0.0
123,1,10,25,268.2163705834814,2.0826683044433594,2.0826544761657715,2.7556119675864466e-05,2.0793862342834473,0.08750016987323761,0.0
123,2,50,1,274.1484254104024,2.079775333404541,2.079735279083252,5.272648559184745e-05,2.079414129257202,0.08700016885995865,0.00018575401918496937
123,2,50,2,256.0133670932813,2.0799124240875244,2.079899549484253,2.5947139874915592e-05,2.0794076919555664,0.08650016784667969,0.0005690853577107191
123,2,50,3,264.13844150648544,2.0814077854156494,2.0814054012298584,4.771279236592818e-06,2.079400062561035,0.08600018173456192,0.0
123,2,50,4,271.6086389665081,2.080181837081909,2.08018159866333,6.030006716173375e-07,2.0794320106506348,0.08550019562244415,0.0
123,2,50,5,266.469402304368,2.079206705093384,2.0792059898376465,1.2884428315373953e-06,2.0794405937194824,0.08500019460916519,0.0
123,2,50,6,268.57909077125225,2.0813989639282227,2.0813944339752197,9.119352398556657e-06,2.0793979167938232,0.08450020104646683,0.0
123,2,50,7,270.158131699507,2.079860210418701,2.0798537731170654,1.2899448847747408e-05,2.0794382095336914,0.08400020003318787,0.0
123,2,50,8,253.8470776511901,2.0800726413726807,2.0800719261169434,1.4015994338478777e-06,2.0794179439544678,0.0835002139210701,2.8530981580843218e-05
123,2,50,9,264.7801891744095,2.0792815685272217,2.079272508621216,9.829374221226317e-07,2.079434633255005,0.08300021290779114,8.420670383202378e-06
123,2,50,10,261.1818741160854,2.081820487976074,2.0818185806274414,3.846595973300282e-06,2.079420566558838,0.08250021934509277,0.0
123,2,50,11,263.847729498915,2.079361915588379,2.0793616771698,3.261084486894106e-07,2.0794403553009033,0.08200022578239441,0.0
123,2,50,12,259.7487575898142,2.079704523086548,2.079702377319336,4.128125510760583e-06,2.0794365406036377,0.08150022476911545,0.0002617155259940773
123,2,50,13,276.61501297415566,2.080622911453247,2.080622911453247,1.6862418306118343e-07,2.0794293880462646,0.08100023120641708,7.622970588272437e-05
123,2,50,14,264.0345759178083,2.082184076309204,2.082183837890625,6.754026458111184e-07,2.079383611679077,0.08050023019313812,0.0
123,2,50,15,261.56249796990556,2.0799169540405273,2.0799169540405273,4.050887625339783e-09,2.079432487487793,0.08000024408102036,0.0
123,2,50,16,262.1421164492936,2.079606294631958,2.079606294631958,1.855581643894766e-07,2.0794243812561035,0.07950025796890259,0.00010244774603052065
123,2,50,17,270.27054602197694,2.0791738033294678,2.0791738033294678,2.0808188594401145e-07,2.0794289112091064,0.07900026440620422,2.2378175344783813e-05
123,2,50,18,273.61391069299395,2.0795280933380127,2.0795280933380127,2.0026343250378886e-08,2.0794382095336914,0.07850027084350586,3.795733573497273e-05
123,2,50,19,256.0664021611434,2.0790014266967773,2.0790014266967773,4.212512560997084e-09,2.079432249069214,0.07800028473138809,0.0
123,2,50,20,246.79054111134127,2.0800282955169678,2.0800282955169678,7.002691759794288e-10,2.079437494277954,0.07750028371810913,6.0949601902393624e-05
123,2,50,21,257.9494851608564,2.0795114040374756,2.079488754272461,2.2425626866606763e-07,2.0794410705566406,0.07700029760599136,0.0009146116208285093
123,2,50,22,270.4196060078162,2.0801405906677246,2.0801405906677246,1.750557743207537e-07,2.0794363021850586,0.076500304043293,0.0
123,2,50,23,265.50814008855644,2.0784451961517334,2.0784449577331543,2.69653014584037e-07,2.079437255859375,0.07600031793117523,0.0
123,2,50,24,267.09049778284725,2.079508066177368,2.079505205154419,1.996839493756397e-08,2.079375982284546,0.07550031691789627,7.612082845298573e-05
123,2,50,25,263.5239601396489,2.079179286956787,2.079179286956787,5.4661203563455274e-08,2.0793209075927734,0.0750003233551979,0.0
123,3,100,1,272.81094590724206,2.079146146774292,2.079145908355713,3.996514408299845e-07,2.0793793201446533,0.07450032979249954,8.139129931805655e-06
123,3,100,2,275.6066207744688,2.0786705017089844,2.0786705017089844,1.8144584146284615e-07,2.079420566558838,0.07400033622980118,0.0
123,3,100,3,278.77006112151923,2.079214572906494,2.07919979095459,4.965516382071655e-06,2.07942533493042,0.07350033521652222,0.0003994993749074638
123,3,100,4,279.54357734461666,2.0772757530212402,2.0772757530212402,1.038130692521122e-09,2.079361915588379,0.07300033420324326,0.0001897788024507463
123,3,100,5,266.5001303095613,2.0789525508880615,2.078939199447632,5.787837431547871e-10,2.079434394836426,0.0725003331899643,9.70429100561887e-05
123,3,100,6,271.8170323292637,2.0782177448272705,2.0782177448272705,1.66530384149155e-07,2.0793747901916504,0.07200033962726593,0.0
123,3,100,7,270.1102698598775,2.077566385269165,2.07755184173584,4.151448251832335e-08,2.079414129257202,0.07150034606456757,0.0005229987436905503
123,3,100,8,274.96392113405176,2.076367139816284,2.076366424560547,1.1975175766565371e-06,2.0792253017425537,0.0710003450512886,0.0
123,3,100,9,271.5841007259377,2.0782392024993896,2.0782392024993896,2.2011921885223273e-07,2.0792782306671143,0.07050035893917084,4.3461706809466705e-05
123,3,100,10,275.68736669545456,2.079284191131592,2.0792832374572754,1.761113367138023e-06,2.0794146060943604,0.07000036537647247,0.0
123,3,100,11,283.4254434895189,2.0798821449279785,2.079881191253662,1.73446449025505e-06,2.079371929168701,0.0695003792643547,2.868957926693838e-05
123,3,100,12,274.5239919889626,2.079963445663452,2.079963445663452,3.6558354565841e-08,2.079395294189453,0.06900039315223694,3.657483102870174e-05
123,3,100,13,273.18607719514694,2.079704761505127,2.0796549320220947,6.729984125541932e-09,2.0793700218200684,0.06850040704011917,0.0013208002783358097
123,3,100,14,280.76167802579994,2.077806234359741,2.077803373336792,1.2247228369233198e-06,2.079387664794922,0.0680004134774208,0.00043411977821961045
123,3,100,15,281.3488607630916,2.078958511352539,2.0789575576782227,7.918443429844046e-07,2.079291343688965,0.06750041991472244,0.00041798799065873027
123,3,100,16,272.74616634978383,2.0801970958709717,2.080181360244751,1.1008793876499112e-10,2.0790748596191406,0.06700042635202408,0.00018665273091755807
123,3,100,17,283.2415423998159,2.0781538486480713,2.0781521797180176,1.433022447372423e-07,2.0793263912200928,0.06650044023990631,1.6337349734385498e-05
123,3,100,18,274.8910731478584,2.07928729057312,2.0792765617370605,5.881747711100616e-07,2.079418182373047,0.06600043922662735,0.0006422768929041922
123,3,100,19,274.42060588129397,2.0803871154785156,2.0803866386413574,8.21838568754174e-07,2.079350471496582,0.06550045311450958,6.149872206151485e-05
123,3,100,20,268.03679239224704,2.0794315338134766,2.0794172286987305,5.00534724778845e-07,2.0794107913970947,0.06500045210123062,0.00013693275104742497
123,4,250,1,264.06322403487997,2.079087972640991,2.079087972640991,1.2842177099514629e-08,2.079301118850708,0.06450045853853226,1.5179227375483606e-05
123,4,250,2,270.9396299520034,2.0792179107666016,2.0792019367218018,1.0855556098476882e-07,2.0794193744659424,0.06400046497583389,0.0004767228674609214
123,4,250,3,267.364342063741,2.079467535018921,2.079458236694336,1.035024297380005e-07,2.0793967247009277,0.06350047141313553,0.0003818649856839329
123,4,250,4,272.63291785610954,2.080352306365967,2.080350160598755,8.596075851130536e-09,2.0793614387512207,0.06300047785043716,0.0001740139559842646
123,4,250,5,271.7798942038667,2.0781702995300293,2.078169822692871,1.4048782581710384e-08,2.0792462825775146,0.0625004917383194,7.408871897496283e-05
123,4,250,6,270.8603391850159,2.0791831016540527,2.0791831016540527,5.630822386137879e-08,2.0794174671173096,0.06200050935149193,1.5662637451896444e-05
123,4,250,7,267.6311536285829,2.0813610553741455,2.0813491344451904,3.936499126666604e-07,2.0792360305786133,0.06150051951408386,0.00038615535595454276
123,4,250,8,268.98580148993864,2.080109119415283,2.0801029205322266,1.2067516985680982e-09,2.0793650150299072,0.06100053712725639,0.00038187424070201814
123,4,250,9,269.79676882791387,2.07940673828125,2.0794026851654053,1.0100799840984109e-07,2.0794124603271484,0.060500551015138626,0.00016357231652364135
123,4,250,10,265.530205625374,2.0791444778442383,2.0791432857513428,2.5310344042850375e-08,2.0793840885162354,0.06000055372714996,6.1023627495160326e-05
123,4,250,11,265.53317234611666,2.0790958404541016,2.0790884494781494,3.08177277474897e-07,2.079414129257202,0.0595005638897419,0.00024001610290724784
123,4,250,12,267.89151034443256,2.0794594287872314,2.0794594287872314,1.1842752201118856e-07,2.07939076423645,0.05900057777762413,6.355236109811813e-05
123,4,250,13,269.00075989029733,2.0792577266693115,2.079246759414673,2.409244075352035e-07,2.079374313354492,0.05850059166550636,0.0005108536570332944
123,4,250,14,269.5049477621594,2.079275131225586,2.079275131225586,4.603197822916627e-08,2.0794026851654053,0.058000598102808,2.545767347328365e-05
123,4,250,15,270.1157226225399,2.081021308898926,2.0810165405273438,3.802355195148266e-07,2.079380512237549,0.05750061571598053,0.0003718145308084786
123,5,500,1,266.30351113112175,2.0793566703796387,2.0793559551239014,2.7626836640592956e-07,2.0794320106506348,0.05700063332915306,0.00014010912855155766
123,5,500,2,263.76981926069465,2.079289197921753,2.079284191131592,3.1411400414071977e-07,2.0794193744659424,0.056500647217035294,0.00027970815426670015
123,5,500,3,265.12880266621914,2.0799195766448975,2.0799176692962646,4.521417906744318e-09,2.0794143676757812,0.05600065365433693,0.0001726208283798769
123,5,500,4,262.570928977358,2.079279899597168,2.079277276992798,7.221449038752326e-08,2.079437255859375,0.055500663816928864,0.00015849591000005603
123,5,500,5,267.09751314389337,2.077317714691162,2.0773138999938965,1.47768830061068e-07,2.0793070793151855,0.0550006702542305,0.00030912243528291583
123,5,500,6,268.22805591942586,2.0794687271118164,2.0794663429260254,7.11443206569129e-08,2.0793962478637695,0.054500680416822433,0.00031508467509411275
123,5,500,7,263.09528400115823,2.079197406768799,2.079195737838745,2.167606396596966e-07,2.0794320106506348,0.054000694304704666,0.00013129737635608763
123,5,500,8,267.14698378718174,2.079437732696533,2.0794360637664795,2.1604319044854492e-07,2.079369306564331,0.0535007007420063,0.00022367967176251113
123,5,500,9,266.1791533012566,2.079833984375,2.0798332691192627,4.3723037634890716e-08,2.0794296264648438,0.053000710904598236,8.826129487715662e-05
123,5,500,10,265.2129106203264,2.0788767337799072,2.078876495361328,6.191713808334498e-09,2.0793869495391846,0.05250072851777077,7.46802834328264e-05
123,5,500,11,265.9344832896618,2.079522132873535,2.079521894454956,4.6336200654195636e-08,2.0794384479522705,0.0520007349550724,0.00011191912199137732
123,5,500,12,265.1196562045976,2.0796048641204834,2.079604387283325,2.1497097435485557e-09,2.079432725906372,0.05150074139237404,0.00017573432705830783
123,5,500,13,265.93074828819556,2.079472064971924,2.079472064971924,2.5345322285375005e-08,2.079430103302002,0.051000747829675674,3.933242624043487e-05
123,5,500,14,266.9769443239468,2.0792205333709717,2.0792198181152344,1.3208659055408134e-08,2.0794222354888916,0.05050076171755791,0.00031204347033053637
123,5,500,15,265.94203594221625,2.07919979095459,2.07919979095459,8.201340762070686e-08,2.079406976699829,0.05000077188014984,7.89779078331776e-05
123,6,1000,1,263.4002093330999,2.079392194747925,2.079392194747925,5.326450747134004e-08,2.079439401626587,0.04950077831745148,0.00019122551020700485
123,6,1000,2,267.2494420135538,2.0792646408081055,2.0792646408081055,2.054364456327562e-10,2.0794293880462646,0.04900078475475311,0.0001498466735938564
123,6,1000,3,265.7324750214153,2.0794155597686768,2.0794155597686768,2.8964597387215463e-10,2.079437255859375,0.048500798642635345,0.0003617533075157553
123,6,1000,4,266.00060834311034,2.0791733264923096,2.0791733264923096,8.841307419515942e-08,2.079401969909668,0.04800080880522728,0.00029657335835509
123,6,1000,5,267.3161795767404,2.079576015472412,2.079575777053833,3.1180906034933287e-07,2.0794260501861572,0.04750082269310951,0.00022236777294892818
123,6,1000,6,265.39025225142336,2.078829765319824,2.078829765319824,4.7158557947568625e-08,2.0793826580047607,0.04700082913041115,0.00024217675672844052
123,6,1000,7,266.6253774995644,2.0791616439819336,2.0791616439819336,2.8778499583381745e-08,2.0794334411621094,0.046500835567712784,0.0002479662070982158
123,6,1000,8,264.86392129740676,2.079246759414673,2.079246759414673,4.9096628984557356e-09,2.0794296264648438,0.04600084200501442,0.00016656208026688546
123,6,1000,9,266.4299175399907,2.079285144805908,2.079285144805908,8.570697218601708e-08,2.0794084072113037,0.045500852167606354,0.0002499956462997943
123,6,1000,10,265.58804652955615,2.0785701274871826,2.0785698890686035,4.313671126965346e-07,2.0792577266693115,0.04500085860490799,0.0001341674360446632
2024,1,10,1,266.6693388498723,2.0798072814941406,2.079261541366577,0.0010915681486949325,2.079441547393799,0.09950000047683716,0.0010503609664738178
2024,1,10,2,271.1628384622772,2.077253818511963,2.077176570892334,0.00015447520127054304,2.079423666000366,0.0989999994635582,0.0
2024,1,10,3,271.1378866928733,2.079031229019165,2.0790188312530518,2.494309956091456e-05,2.079439878463745,0.09849999845027924,0.0
2024,1,10,4,272.6649130201943,2.0776383876800537,2.0776381492614746,5.368730171539937e-07,2.079430103302002,0.09800000488758087,0.0
2024,1,10,5,253.42549404737514,2.0807912349700928,2.0807912349700928,3.239144064082211e-08,2.079437732696533,0.09750001132488251,0.0
2024,1,10,6,259.86195970434795,2.072526454925537,2.0725226402282715,7.392899988190038e-06,2.0794026851654053,0.09700002521276474,0.0
2024,1,10,7,277.2587424242185,2.0792253017425537,2.079223871231079,3.031831738553592e-06,2.0794389247894287,0.09650002419948578,0.0
2024,1,10,8,270.9241927478121,2.0732574462890625,2.0732574462890625,1.5971347977483674e-07,2.079349994659424,0.09600003808736801,0.0
2024,1,10,9,309.0153338758914,2.0823028087615967,2.0823025703430176,6.43178680093115e-07,2.079430103302002,0.09550005197525024,0.0
2024,1,10,10,262.3382966843281,2.083190441131592,2.0831897258758545,1.5960821428961935e-06,2.079385280609131,0.09500005841255188,0.0
2024,1,10,11,266.54781623361504,2.0634469985961914,2.063446044921875,2.066095930786105e-06,2.0789663791656494,0.09450007230043411,0.0
2024,1,10,12,242.97684141238076,2.0809216499328613,2.0809192657470703,4.739020823762985e-06,2.0794131755828857,0.09400007128715515,0.0
2024,1,10,13,259.3869814817589,2.0725924968719482,2.0725924968719482,1.1339644601093823e-07,2.0775933265686035,0.09350008517503738,0.0
2024,1,10,14,274.5830786385435,2.0669212341308594,2.0669198036193848,2.890680434575188e-06,2.078402519226074,0.09300009906291962,0.0
2024,1,10,15,255.75182369015934,2.0735840797424316,2.0735840797424316,7.340262442312451e-08,2.0786125659942627,0.09250009804964066,0.0
2024,1,10,16,262.18251229033336,2.0901169776916504,2.0901169776916504,1.2572209939776258e-09,2.0791962146759033,0.09200010448694229,0.0
2024,1,10,17,275.5532165946619,2.0706305503845215,2.0706305503845215,1.3433428591724805e-07,2.0792932510375977,0.09150011092424393,0.0
2024,1,10,18,267.24236184191165,2.0891685485839844,2.0891685485839844,3.3755828354742334e-08,2.078990936279297,0.09100011736154556,0.0
2024,1,10,19,300.57113239649686,2.0778262615203857,2.0778262615203857,3.751256194561847e-09,2.0792465209960938,0.0905001237988472,0.0
2024,1,10,20,263.21700050921237,2.0844407081604004,2.0841124057769775,7.689401968491438e-07,2.0791802406311035,0.09000013023614883,0.0022543594241142273
2024,1,10,21,255.89964590928838,2.0659854412078857,2.065983772277832,3.189506969647482e-06,2.078873634338379,0.08950013667345047,0.0
2024,1,10,22,272.18004214995733,2.068370819091797,2.0683693885803223,2.8462504815252032e-06,2.07914400100708,0.0890001505613327,0.0
2024,1,10,23,266.8083099351201,2.058863401412964,2.0588622093200684,2.1508233203348937e-06,2.079202175140381,0.08850014954805374,0.0
2024,1,10,24,279.11416685643604,2.0933032035827637,2.0933032035827637,6.399925212008384e-08,2.0788841247558594,0.08800016343593597,0.0
2024,1,10,25,264.7706984791493,2.0851001739501953,2.0851001739501953,3.2824658546815044e-08,2.078949451446533,0.08750016987323761,0.0
2024,2,50,1,264.80503218488303,2.077585458755493,2.077585458755493,1.1976643676803178e-08,2.0792503356933594,0.08700016885995865,0.0
2024,2,50,2,259.7611794217851,2.066115379333496,2.066115140914917,5.246978957984538e-07,2.078383445739746,0.08650016784667969,0.0
2024,2,50,3,267.6649507139498,2.0791175365448,2.0790631771087646,9.817596691163999e-08,2.0791242122650146,0.08600018173456192,0.000379729550331831
2024,2,50,4,274.86473141375654,2.0789802074432373,2.0789802074432373,1.0314199494487752e-09,2.079272985458374,0.08550019562244415,0.0
2024,2,50,5,253.24397898556822,2.076812267303467,2.076768398284912,1.8602321461003157e-08,2.079022169113159,0.08500019460916519,0.0005814630421809852
2024,2,50,6,263.04646295146216,2.0745632648468018,2.0745632648468018,4.6445322254839994e-08,2.078558921813965,0.08450020104646683,0.0002184619806939736
2024,2,50,7,264.85374416953147,2.0778181552886963,2.0778181552886963,1.2980187591438153e-07,2.079205274581909,0.08400020003318787,6.340698018902913e-05
2024,2,50,8,266.57958614250293,2.078888177871704,2.078810453414917,1.4344393728382698e-10,2.079209804534912,0.0835002139210701,0.00048141428851522505
2024,2,50,9,262.48478301114665,2.0780959129333496,2.0780959129333496,4.820546806172388e-08,2.0793676376342773,0.08300021290779114,0.0
2024,2,50,10,263.07050461505514,2.072448492050171,2.072376012802124,3.6876419695630602e-09,2.077915906906128,0.08250021934509277,0.00019649819296319038
2024,2,50,11,259.3111413098365,2.076068162918091,2.076068162918091,2.4683675547976236e-08,2.0791759490966797,0.08200022578239441,0.00011478655505925417
2024,2,50,12,270.83083202111266,2.066549301147461,2.066549301147461,7.748492691916908e-08,2.0768632888793945,0.08150022476911545,0.0
2024,2,50,13,262.6712426068801,2.083554267883301,2.0835540294647217,3.631168681295094e-07,2.0789220333099365,0.08100023120641708,0.0
2024,2,50,14,267.70739800935985,2.0821373462677,2.0821373462677,2.516121200279997e-10,2.078162670135498,0.08050023019313812,0.0
2024,2,50,15,247.49844648962704,2.077092170715332,2.0770578384399414,1.1354954665421246e-07,2.0791046619415283,0.08000024408102036,0.00018740439554676414
2024,2,50,16,252.21406896212298,2.081934690475464,2.081934690475464,3.79394542449063e-08,2.0791144371032715,0.07950025796890259,2.9763345082756132e-05
2024,2,50,17,262.2956927458009,2.073592185974121,2.073592185974121,8.728573419602981e-08,2.079235315322876,0.07900026440620422,6.30956856184639e-05
2024,2,50,18,272.15473772367415,2.0835165977478027,2.0835165977478027,9.443549053855804e-09,2.078925132751465,0.07850027084350586,4.157028524787165e-05
2024,2,50,19,264.36033563950093,2.0852203369140625,2.0852203369140625,3.670451675930053e-08,2.0788140296936035,0.07800028473138809,0.00012444470485206693
2024,2,50,20,265.4437900330665,2.080188274383545,2.080176591873169,3.15506065717841e-09,2.079360008239746,0.07750028371810913,0.0003048216749448329
2024,2,50,21,255.64050308087081,2.0802299976348877,2.0802299976348877,8.003158691316514e-10,2.079369306564331,0.07700029760599136,0.0002700107579585165
2024,2,50,22,270.5649601684461,2.0786478519439697,2.0786325931549072,2.6684523035669372e-08,2.079324245452881,0.076500304043293,0.0003461116866674274
2024,2,50,23,268.89914950768133,2.0763304233551025,2.0763304233551025,1.1182381598473512e-07,2.0792648792266846,0.07600031793117523,0.0
2024,2,50,24,258.1463213032872,2.0718376636505127,2.0718376636505127,2.0625234853355323e-09,2.0790183544158936,0.07550031691789627,4.044139586767415e-06
2024,2,50,25,269.5024514616383,2.0750038623809814,2.0750038623809814,8.666829387493635e-08,2.0790205001831055,0.0750003233551979,0.0
2024,3,100,1,276.7495209681338,2.076988935470581,2.0769617557525635,2.4846482915563683e-07,2.078763723373413,0.07450032979249954,0.0006904934998601675
2024,3,100,2,271.25449709781714,2.0785491466522217,2.078498601913452,6.274358366198385e-09,2.0783851146698,0.07400033622980118,0.0008345004171133041
2024,3,100,3,277.50786504082885,2.0856733322143555,2.0856635570526123,1.0966308536808356e-06,2.0788633823394775,0.07350033521652222,0.00021997377916704863
2024,3,100,4,275.6897746907717,2.0752158164978027,2.0752155780792236,3.3876114002850954e-07,2.078857660293579,0.07300033420324326,0.00037978478940203786
2024,3,100,5,277.37730221573094,2.0808846950531006,2.080876111984253,3.9448941890896094e-09,2.079350471496582,0.0725003331899643,0.0001139490123023279
2024,3,100,6,272.8210436896655,2.0815012454986572,2.0814805030822754,4.6815365806196496e-08,2.079082727432251,0.07200033962726593,0.00033276726026088
2024,3,100,7,282.4565806917769,2.0801665782928467,2.0801665782928467,2.283166367078593e-08,2.0792407989501953,0.07150034606456757,0.00010190100874751806
2024,3,100,8,277.36278208275087,2.073604106903076,2.073604106903076,1.181655306936591e-08,2.0784859657287598,0.0710003450512886,3.7567609979305416e-05
2024,3,100,9,266.76770543775115,2.0745608806610107,2.074544668197632,2.1359994661906967e-08,2.0791807174682617,0.07050035893917084,0.0002161246375180781
2024,3,100,10,281.5945634279707,2.0804708003997803,2.080463171005249,1.146367800686221e-08,2.0793747901916504,0.07000036537647247,0.00013288648915477097
2024,3,100,11,273.2653262560193,2.0815494060516357,2.0815417766571045,2.697555512298777e-09,2.0792603492736816,0.0695003792643547,0.00032563714194111526
2024,3,100,12,276.6480630807201,2.079989194869995,2.079984426498413,2.3601330667588627e-08,2.0794248580932617,0.06900039315223694,0.00013638024393003434
2024,3,100,13,273.8552036814849,2.0775954723358154,2.0775864124298096,1.3489193095850283e-09,2.079270124435425,0.06850040704011917,7.011474372120574e-05
2024,3,100,14,272.2373647987957,2.0804758071899414,2.080467700958252,5.381457057751504e-09,2.079251289367676,0.0680004134774208,0.0003405861498322338
2024,3,100,15,278.7478387759989,2.0724587440490723,2.072458505630493,3.4003292626039183e-07,2.079028367996216,0.06750041991472244,1.2674983736360446e-05
2024,3,100,16,277.1895299278255,2.0768256187438965,2.0768179893493652,5.064180186309386e-08,2.0791361331939697,0.06700042635202408,0.00029604104929603636
2024,3,100,17,273.98470338149264,2.0786855220794678,2.0786852836608887,4.915093541058013e-07,2.079381227493286,0.06650044023990631,2.5728757464094087e-05
2024,3,100,18,271.1103421708764,2.079606533050537,2.079603672027588,1.5636707928479154e-08,2.0794320106506348,0.06600043922662735,4.0054390410659835e-05
2024,3,100,19,270.1609784669355,2.0778684616088867,2.0778603553771973,2.5399321756935933e-08,2.0792059898376465,0.06550045311450958,0.0003335968067403883
2024,3,100,20,282.10964808804283,2.0823535919189453,2.0823252201080322,2.0346559159722943e-10,2.079180955886841,0.06500045210123062,0.0003020799485966563
2024,4,250,1,266.89096485851036,2.079218864440918,2.079214096069336,3.8053880757615843e-07,2.0794332027435303,0.06450045853853226,0.00012323709961492568
2024,4,250,2,264.6718473832795,2.079883098602295,2.07987117767334,1.5899966854249215e-07,2.0793747901916504,0.06400046497583389,0.0004028880794066936
2024,4,250,3,273.7324813968747,2.0796892642974854,2.0796802043914795,4.501144346136243e-08,2.0792360305786133,0.06350047141313553,0.0002658584271557629
2024,4,250,4,269.1472369518172,2.0793070793151855,2.079305648803711,5.9505156357886335e-09,2.0793228149414062,0.06300047785043716,0.00021302005916368216
2024,4,250,5,268.47537321308994,2.0802011489868164,2.0801877975463867,4.365475980705469e-09,2.079308032989502,0.0625004917383194,0.00039610033854842186
2024,4,250,6,267.56789267204897,2.0790328979492188,2.079028844833374,4.981026702211011e-10,2.079332113265991,0.06200050935149193,0.0002695167204365134
2024,4,250,7,267.1916323200431,2.080125331878662,2.0801143646240234,1.5231297112450193e-08,2.0792605876922607,0.06150051951408386,0.0002461763797327876
2024,4,250,8,266.51680011544,2.079073667526245,2.079073667526245,5.92410742683569e-09,2.0792534351348877,0.06100053712725639,0.00017086153093259782
2024,4,250,9,272.8554824463199,2.078294277191162,2.078291893005371,2.287220901564524e-08,2.0790693759918213,0.060500551015138626,0.00023504471755586565
2024,4,250,10,269.84968628247606,2.079214572906494,2.079210042953491,1.181169473341015e-08,2.079364061355591,0.06000055372714996,7.545835251221433e-05
2024,4,250,11,271.14215190148485,2.0796029567718506,2.0796029567718506,1.0562352770193684e-08,2.079298973083496,0.0595005638897419,0.00013067052350379527
2024,4,250,12,265.428733400844,2.079681158065796,2.0796775817871094,6.800116025829084e-14,2.0793793201446533,0.05900057777762413,0.00023634785611648113
2024,4,250,13,265.5854778815149,2.0784056186676025,2.0783982276916504,2.0041676407345221e-07,2.0791189670562744,0.05850059166550636,0.00028726234450004995
2024,4,250,14,265.41761191222736,2.080432891845703,2.080432891845703,2.0251356147582555e-09,2.0793371200561523,0.058000598102808,6.492550164693967e-05
2024,4,250,15,267.89508946834195,2.0796055793762207,2.079603433609009,1.0109864660989842e-06,2.079416513442993,0.05750061571598053,0.00017646326159592718
2024,5,500,1,264.1185471320718,2.079176902770996,2.0791733264923096,4.396198391987127e-07,2.0793814659118652,0.05700063332915306,0.00016625088755972683
2024,5,500,2,263.1705753031635,2.0822110176086426,2.0822091102600098,4.667682773629167e-08,2.079002857208252,0.056500647217035294,7.39657916710712e-05
2024,5,500,3,267.8441263155108,2.079284191131592,2.079280138015747,3.100724370597163e-07,2.079376220703125,0.05600065365433693,0.00019883115601260215
2024,5,500,4,266.4639596007417,2.0790483951568604,2.079045295715332,2.890502059926803e-07,2.0793988704681396,0.055500663816928864,0.0001820112665882334
2024,5,500,5,266.27341530461985,2.0802602767944336,2.0802576541900635,2.3895260881090508e-08,2.0792791843414307,0.0550006702542305,0.00015694467583671212
2024,5,500,6,266.12580528651523,2.0796289443969727,2.0796260833740234,4.822673371762676e-10,2.0794050693511963,0.054500680416822433,0.00017616823606658727
2024,5,500,7,262.9745891992169,2.0807690620422363,2.080768585205078,3.007016857736744e-11,2.079334259033203,0.054000694304704666,2.0113171558477916e-05
2024,5,500,8,265.45896841354147,2.0797016620635986,2.0797016620635986,6.5270239213433e-10,2.0793862342834473,0.0535007007420063,0.0001186394365504384
2024,5,500,9,266.5481443592954,2.079890012741089,2.0798869132995605,1.34017696939992e-09,2.0793919563293457,0.053000710904598236,0.0002585923648439348
2024,5,500,10,266.91903887997216,2.0792834758758545,2.079282522201538,1.9249810634391906e-07,2.079421281814575,0.05250072851777077,0.00012519440497271717
2024,5,500,11,270.03446643109146,2.0800411701202393,2.0800390243530273,6.061846136162785e-08,2.0790138244628906,0.0520007349550724,0.0002743505756370723
2024,5,500,12,265.18101227174225,2.079519510269165,2.0795180797576904,9.946647949732323e-10,2.0793800354003906,0.05150074139237404,0.0002444662095513195
2024,5,500,13,268.6691070259436,2.080595016479492,2.080594062805176,3.411721536394907e-07,2.079335927963257,0.051000747829675674,0.00017887397552840412
2024,5,500,14,267.8500453795942,2.079134941101074,2.0791337490081787,5.412711061580922e-07,2.079396963119507,0.05050076171755791,0.00017215324623975903
2024,5,500,15,267.34467447794646,2.0800793170928955,2.0800790786743164,2.8434281595934863e-09,2.079383134841919,0.05000077188014984,0.0001961131492862478
2024,6,1000,1,266.60984730719235,2.079366445541382,2.079366445541382,5.636481281712236e-10,2.079315662384033,0.04950077831745148,0.00021599704632535577
2024,6,1000,2,264.66938211652314,2.079357862472534,2.079357862472534,1.6334267272100078e-09,2.0793378353118896,0.04900078475475311,0.00014946718874853104
2024,6,1000,3,265.7425474578343,2.0794119834899902,2.0794119834899902,2.2404638144735145e-09,2.07928729057312,0.048500798642635345,0.0002854087797459215
2024,6,1000,4,267.6227354385142,2.0789270401000977,2.0789270401000977,1.569545743373979e-10,2.0790627002716064,0.04800080880522728,0.00020049071463290602
2024,6,1000,5,266.1280585963306,2.0800318717956543,2.0800318717956543,4.734793890293076e-09,2.0791971683502197,0.04750082269310951,0.00018735062621999532
2024,6,1000,6,263.96587538772064,2.0791001319885254,2.0791001319885254,3.4394993519981654e-09,2.0792088508605957,0.04700082913041115,0.0002537997206673026
2024,6,1000,7,265.50955701294606,2.079270601272583,2.079270601272583,5.861922147687437e-08,2.0794310569763184,0.046500835567712784,0.0002584178000688553
2024,6,1000,8,266.15350611627923,2.0799920558929443,2.0799920558929443,1.889715939284997e-08,2.0792789459228516,0.04600084200501442,0.000140901465783827
2024,6,1000,9,264.52494615352,2.079464912414551,2.079464912414551,2.4307031054604522e-08,2.079406261444092,0.045500852167606354,0.00017439083603676409
2024,6,1000,10,266.15617544784146,2.0794689655303955,2.0794689655303955,1.2553461203879124e-07,2.0793967247009277,0.04500085860490799,0.00011971838102908805
