step,vehicle_id,battery_pct,selected_station,selected_station_name,distance_km,travel_time,waiting_time,queue_length,charging_price_per_kwh,estimated_session_cost,charging_cost,grid_load,available_ports,price_per_kwh,estimated_wait_min,station_load_kw,recommendation_score,ppo_action,ppo_reward,recommendation_timestamp_utc,recommendation_reason,ppo_observation
1,ev_1,14.983523917405893,osm_9202909866,Ather Charging Grid,0.31906215258907755,0.7976553814726939,0.0,0,15.0,585.148284743347,765.148284743347,0.0,8,15.0,0.0,0.0,0.08402597402597398,2,-329.03900000000004,2026-08-10T12:08:36Z,weighted_multi_factor_score,"{'vehicle_state': {'battery_pct': 14.983523917405893, 'battery_capacity_kwh': 60.0, 'remaining_range_km': 11.687148655576596}, 'station_features': {'station_id': 'osm_9202909866', 'travel_distance': 0.31906215258907755, 'travel_time': 0.7976553814726939, 'waiting_time': 0.0, 'queue_length': 0, 'available_ports': 8, 'grid_load': 0.0, 'charging_price_per_kwh': 15.0}, 'model_observation': {'vehicles_shape': [10, 6], 'stations_shape': [8, 6], 'action': 2}}"
1,ev_3,8.994640551573555,osm_9202909866,Ather Charging Grid,1.8307770559480168,4.576942639870042,0.0,0,15.0,639.0482350358379,819.048235035838,0.0,8,15.0,0.0,0.0,0.140023891359344,2,-329.03900000000004,2026-08-10T12:08:36Z,weighted_multi_factor_score,"{'vehicle_state': {'battery_pct': 8.994640551573555, 'battery_capacity_kwh': 60.0, 'remaining_range_km': 0.0}, 'station_features': {'station_id': 'osm_9202909866', 'travel_distance': 1.8307770559480168, 'travel_time': 4.576942639870042, 'waiting_time': 0.0, 'queue_length': 0, 'available_ports': 8, 'grid_load': 0.0, 'charging_price_per_kwh': 15.0}, 'model_observation': {'vehicles_shape': [10, 6], 'stations_shape': [8, 6], 'action': 2}}"
1,ev_8,14.950754840834463,osm_9202909866,Ather Charging Grid,0.6906912897664501,1.7267282244161253,0.0,0,15.0,292.72160321624494,382.7216032162449,0.0,8,15.0,0.0,0.0,0.09267550950385522,2,-329.03900000000004,2026-08-10T12:08:37Z,weighted_multi_factor_score,"{'vehicle_state': {'battery_pct': 14.950754840834463, 'battery_capacity_kwh': 30.0, 'remaining_range_km': 9.468313040700465}, 'station_features': {'station_id': 'osm_9202909866', 'travel_distance': 0.6906912897664501, 'travel_time': 1.7267282244161253, 'waiting_time': 0.0, 'queue_length': 0, 'available_ports': 8, 'grid_load': 0.0, 'charging_price_per_kwh': 15.0}, 'model_observation': {'vehicles_shape': [10, 6], 'stations_shape': [8, 6], 'action': 2}}"
2,ev_5,14.990338115827143,osm_11927677057,Ola Hyper Charger,1.224661624422812,3.0616540610570295,0.0,0,12.0,468.0695655660445,612.0695655660446,0.0,2,12.0,0.0,0.0,0.05792207792207793,2,-329.03900000000004,2026-08-10T12:08:37Z,weighted_multi_factor_score,"{'vehicle_state': {'battery_pct': 14.990338115827143, 'battery_capacity_kwh': 60.0, 'remaining_range_km': 38.97487910115057}, 'station_features': {'station_id': 'osm_11927677057', 'travel_distance': 1.224661624422812, 'travel_time': 3.0616540610570295, 'waiting_time': 0.0, 'queue_length': 0, 'available_ports': 2, 'grid_load': 0.0, 'charging_price_per_kwh': 12.0}, 'model_observation': {'vehicles_shape': [10, 6], 'stations_shape': [8, 6], 'action': 2}}"
2,ev_9,14.962106285898,osm_11927677057,Ola Hyper Charger,2.4009314900587277,6.002328725146819,0.0,0,12.0,351.2046260561508,459.20462605615074,0.0,2,12.0,0.0,0.0,0.11572790674193924,2,-329.03900000000004,2026-08-10T12:08:37Z,weighted_multi_factor_score,"{'vehicle_state': {'battery_pct': 14.962106285898, 'battery_capacity_kwh': 45.0, 'remaining_range_km': 14.962106285898}, 'station_features': {'station_id': 'osm_11927677057', 'travel_distance': 2.4009314900587277, 'travel_time': 6.002328725146819, 'waiting_time': 0.0, 'queue_length': 0, 'available_ports': 2, 'grid_load': 0.0, 'charging_price_per_kwh': 12.0}, 'model_observation': {'vehicles_shape': [10, 6], 'stations_shape': [8, 6], 'action': 2}}"
3,ev_2,14.995877797618222,osm_11927677057,Ola Hyper Charger,1.4170456339819848,3.542614084954962,0.0,0,12.0,468.0296798571488,612.0296798571488,0.0,2,12.0,0.0,0.0,0.0579220779220779,2,-329.03900000000004,2026-08-10T12:08:38Z,weighted_multi_factor_score,"{'vehicle_state': {'battery_pct': 14.995877797618222, 'battery_capacity_kwh': 60.0, 'remaining_range_km': 40.4888700535692}, 'station_features': {'station_id': 'osm_11927677057', 'travel_distance': 1.4170456339819848, 'travel_time': 3.542614084954962, 'waiting_time': 0.0, 'queue_length': 0, 'available_ports': 2, 'grid_load': 0.0, 'charging_price_per_kwh': 12.0}, 'model_observation': {'vehicles_shape': [10, 6], 'stations_shape': [8, 6], 'action': 2}}"
3,ev_6,14.981554186595355,osm_11542817290,OSM Charging Station,1.4392970167185588,3.598242541796397,0.0,0,16.0,312.08853990434227,408.08853990434227,0.0,1,16.0,0.0,0.0,0.15,2,-329.03900000000004,2026-08-10T12:08:38Z,weighted_multi_factor_score,"{'vehicle_state': {'battery_pct': 14.981554186595355, 'battery_capacity_kwh': 30.0, 'remaining_range_km': 15.730631895925121}, 'station_features': {'station_id': 'osm_11542817290', 'travel_distance': 1.4392970167185588, 'travel_time': 3.598242541796397, 'waiting_time': 0.0, 'queue_length': 0, 'available_ports': 1, 'grid_load': 0.0, 'charging_price_per_kwh': 16.0}, 'model_observation': {'vehicles_shape': [10, 6], 'stations_shape': [8, 6], 'action': 2}}"
7,ev_4,14.864913960647518,osm_10294506356,OSM Charging Station,2.3849574737453056,5.962393684363264,0.0,0,16.0,312.64841298889195,408.64841298889195,0.0,1,16.0,0.0,0.0,0.1980281525332619,2,-329.03900000000004,2026-08-10T12:08:39Z,weighted_multi_factor_score,"{'vehicle_state': {'battery_pct': 14.864913960647518, 'battery_capacity_kwh': 30.0, 'remaining_range_km': 14.616669897504705}, 'station_features': {'station_id': 'osm_10294506356', 'travel_distance': 2.3849574737453056, 'travel_time': 5.962393684363264, 'waiting_time': 0.0, 'queue_length': 0, 'available_ports': 1, 'grid_load': 0.0, 'charging_price_per_kwh': 16.0}, 'model_observation': {'vehicles_shape': [10, 6], 'stations_shape': [8, 6], 'action': 2}}"
11,ev_10,14.921428392224605,osm_10294506356,OSM Charging Station,3.584934906518931,8.962337266297327,0.0,0,16.0,468.56571557598284,612.5657155759828,0.0,1,16.0,0.0,0.0,0.2477169666744567,2,-329.03900000000004,2026-08-10T12:08:39Z,weighted_multi_factor_score,"{'vehicle_state': {'battery_pct': 14.921428392224605, 'battery_capacity_kwh': 45.0, 'remaining_range_km': 19.770892619697605}, 'station_features': {'station_id': 'osm_10294506356', 'travel_distance': 3.584934906518931, 'travel_time': 8.962337266297327, 'waiting_time': 0.0, 'queue_length': 0, 'available_ports': 1, 'grid_load': 0.0, 'charging_price_per_kwh': 16.0}, 'model_observation': {'vehicles_shape': [10, 6], 'stations_shape': [8, 6], 'action': 2}}"
15,ev_7,14.78551154155947,osm_11542817290,OSM Charging Station,3.3954921762909582,8.488730440727396,0.0,0,16.0,313.0295446005145,409.02954460051455,0.0,1,16.0,0.0,0.0,0.2336751711675233,2,-329.03900000000004,2026-08-10T12:08:40Z,weighted_multi_factor_score,"{'vehicle_state': {'battery_pct': 14.78551154155947, 'battery_capacity_kwh': 30.0, 'remaining_range_km': 9.056125819205175}, 'station_features': {'station_id': 'osm_11542817290', 'travel_distance': 3.3954921762909582, 'travel_time': 8.488730440727396, 'waiting_time': 0.0, 'queue_length': 0, 'available_ports': 1, 'grid_load': 0.0, 'charging_price_per_kwh': 16.0}, 'model_observation': {'vehicles_shape': [10, 6], 'stations_shape': [8, 6], 'action': 2}}"
