event_type,destination_edge,station_id,power_kw,estimated_end,session_charging_cost,vehicle_id,target_edge,waiting_time,available_ports,step,road_id,details,state,previous_state,estimated_session_cost,charging_price_per_kwh,port_id,queue_length,battery_pct,reason
battery_low,,,,,,ev_1,,,,1,,,,,,,,,14.98,
lifecycle_state_transition,,,,,,ev_1,,,,1,,"{'battery_pct': 14.98, 'station_id': 'osm_9202909866'}",SEEKING_CHARGER,TRAVELING,,,,,,battery_low
recommendation_selected,,osm_9202909866,,,,ev_1,,0.0,8,1,,,,,,,,0,14.98,
lifecycle_state_transition,,,,,,ev_1,,,,1,,"{'station_id': 'osm_9202909866', 'target_edge': '-36054475#1'}",ROUTING_TO_STATION,SEEKING_CHARGER,,,,,,reroute_to_station
reroute_to_station,,osm_9202909866,,,,ev_1,-36054475#1,,,1,,,,,,,,,,
battery_low,,,,,,ev_2,,,,1,,,,,,,,,15.0,
lifecycle_state_transition,,,,,,ev_2,,,,1,,"{'battery_pct': 15.0, 'station_id': 'osm_11283405698'}",SEEKING_CHARGER,TRAVELING,,,,,,battery_low
recommendation_selected,,osm_11283405698,,,,ev_2,,0.0,4,1,,,,,,,,0,15.0,
lifecycle_state_transition,,,,,,ev_2,,,,1,,"{'station_id': 'osm_11283405698', 'target_edge': '1161635247'}",ROUTING_TO_STATION,SEEKING_CHARGER,,,,,,reroute_to_station
battery_low,,,,,,ev_3,,,,1,,,,,,,,,8.99,
lifecycle_state_transition,,,,,,ev_3,,,,1,,"{'battery_pct': 8.99, 'station_id': 'osm_9202909866'}",SEEKING_CHARGER,TRAVELING,,,,,,battery_low
recommendation_selected,,osm_9202909866,,,,ev_3,,0.0,8,1,,,,,,,,0,8.99,
lifecycle_state_transition,,,,,,ev_3,,,,1,,"{'station_id': 'osm_9202909866', 'target_edge': '-36054475#1'}",ROUTING_TO_STATION,SEEKING_CHARGER,,,,,,reroute_to_station
reroute_to_station,,osm_9202909866,,,,ev_3,-36054475#1,,,1,,,,,,,,,,
battery_low,,,,,,ev_4,,,,1,,,,,,,,,14.98,
lifecycle_state_transition,,,,,,ev_4,,,,1,,"{'battery_pct': 14.98, 'station_id': 'osm_10293872605'}",SEEKING_CHARGER,TRAVELING,,,,,,battery_low
recommendation_selected,,osm_10293872605,,,,ev_4,,0.0,1,1,,,,,,,,0,14.98,
lifecycle_state_transition,,,,,,ev_4,,,,1,,"{'station_id': 'osm_10293872605', 'target_edge': '1466165195#0'}",ROUTING_TO_STATION,SEEKING_CHARGER,,,,,,reroute_to_station
battery_low,,,,,,ev_5,,,,1,,,,,,,,,15.0,
lifecycle_state_transition,,,,,,ev_5,,,,1,,"{'battery_pct': 15.0, 'station_id': 'osm_11283405698'}",SEEKING_CHARGER,TRAVELING,,,,,,battery_low
recommendation_selected,,osm_11283405698,,,,ev_5,,0.0,4,1,,,,,,,,0,15.0,
lifecycle_state_transition,,,,,,ev_5,,,,1,,"{'station_id': 'osm_11283405698', 'target_edge': '1161635247'}",ROUTING_TO_STATION,SEEKING_CHARGER,,,,,,reroute_to_station
battery_low,,,,,,ev_7,,,,1,,,,,,,,,14.98,
lifecycle_state_transition,,,,,,ev_7,,,,1,,"{'battery_pct': 14.98, 'station_id': 'osm_10293872605'}",SEEKING_CHARGER,TRAVELING,,,,,,battery_low
recommendation_selected,,osm_10293872605,,,,ev_7,,0.0,1,1,,,,,,,,0,14.98,
lifecycle_state_transition,,,,,,ev_7,,,,1,,"{'station_id': 'osm_10293872605', 'target_edge': '1466165195#0'}",ROUTING_TO_STATION,SEEKING_CHARGER,,,,,,reroute_to_station
battery_low,,,,,,ev_8,,,,1,,,,,,,,,14.95,
lifecycle_state_transition,,,,,,ev_8,,,,1,,"{'battery_pct': 14.95, 'station_id': 'osm_9202909866'}",SEEKING_CHARGER,TRAVELING,,,,,,battery_low
recommendation_selected,,osm_9202909866,,,,ev_8,,0.0,8,1,,,,,,,,0,14.95,
lifecycle_state_transition,,,,,,ev_8,,,,1,,"{'station_id': 'osm_9202909866', 'target_edge': '-36054475#1'}",ROUTING_TO_STATION,SEEKING_CHARGER,,,,,,reroute_to_station
reroute_to_station,,osm_9202909866,,,,ev_8,-36054475#1,,,1,,,,,,,,,,
battery_low,,,,,,ev_10,,,,1,,,,,,,,,14.99,
lifecycle_state_transition,,,,,,ev_10,,,,1,,"{'battery_pct': 14.99, 'station_id': 'osm_11214889013'}",SEEKING_CHARGER,TRAVELING,,,,,,battery_low
recommendation_selected,,osm_11214889013,,,,ev_10,,0.0,1,1,,,,,,,,0,14.99,
lifecycle_state_transition,,,,,,ev_10,,,,1,,"{'station_id': 'osm_11214889013', 'target_edge': '1466669625#2'}",ROUTING_TO_STATION,SEEKING_CHARGER,,,,,,reroute_to_station
battery_low,,,,,,ev_9,,,,2,,,,,,,,,14.96,
lifecycle_state_transition,,,,,,ev_9,,,,2,,"{'battery_pct': 14.96, 'station_id': 'osm_11283405698'}",SEEKING_CHARGER,TRAVELING,,,,,,battery_low
recommendation_selected,,osm_11283405698,,,,ev_9,,0.0,4,2,,,,,,,,0,14.96,
lifecycle_state_transition,,,,,,ev_9,,,,2,,"{'station_id': 'osm_11283405698', 'target_edge': '1161635247'}",ROUTING_TO_STATION,SEEKING_CHARGER,,,,,,reroute_to_station
battery_low,,,,,,ev_6,,,,3,,,,,,,,,14.98,
lifecycle_state_transition,,,,,,ev_6,,,,3,,"{'battery_pct': 14.98, 'station_id': 'osm_11927677057'}",SEEKING_CHARGER,TRAVELING,,,,,,battery_low
recommendation_selected,,osm_11927677057,,,,ev_6,,0.0,2,3,,,,,,,,0,14.98,
lifecycle_state_transition,,,,,,ev_6,,,,3,,"{'station_id': 'osm_11927677057', 'target_edge': '1159872649#2'}",ROUTING_TO_STATION,SEEKING_CHARGER,,,,,,reroute_to_station
reroute_to_station,,osm_11927677057,,,,ev_6,1159872649#2,,,3,,,,,,,,,,
arrived_at_station,,osm_9202909866,,,,ev_8,,,,40,-36054475#1,,,,,,,,,
charging_started,,osm_9202909866,22.0,3291,,ev_8,,,,40,,,,,292.72160321624494,15.0,osm_9202909866_p1,,13.76,
lifecycle_state_transition,,,,,,ev_8,,,,40,,"{'station_id': 'osm_9202909866', 'port_id': 'osm_9202909866_p1'}",CHARGING,ROUTING_TO_STATION,,,,,,charging_started
charging_progress,,osm_9202909866,,,0.0917,ev_8,,,,40,,,,,,,osm_9202909866_p1,,13.78,
charging_progress,,osm_9202909866,,,1.925,ev_8,,,,60,,,,,,,osm_9202909866_p1,,14.19,
charging_progress,,osm_9202909866,,,3.7583,ev_8,,,,80,,,,,,,osm_9202909866_p1,,14.6,
charging_progress,,osm_9202909866,,,5.5917,ev_8,,,,100,,,,,,,osm_9202909866_p1,,15.0,
charging_progress,,osm_9202909866,,,7.425,ev_8,,,,120,,,,,,,osm_9202909866_p1,,15.41,
charging_progress,,osm_9202909866,,,9.2583,ev_8,,,,140,,,,,,,osm_9202909866_p1,,15.82,
charging_progress,,osm_9202909866,,,11.0917,ev_8,,,,160,,,,,,,osm_9202909866_p1,,16.23,
charging_progress,,osm_9202909866,,,12.925,ev_8,,,,180,,,,,,,osm_9202909866_p1,,16.63,
charging_progress,,osm_9202909866,,,14.7583,ev_8,,,,200,,,,,,,osm_9202909866_p1,,17.04,
charging_progress,,osm_9202909866,,,16.5917,ev_8,,,,220,,,,,,,osm_9202909866_p1,,17.45,
charging_progress,,osm_9202909866,,,18.425,ev_8,,,,240,,,,,,,osm_9202909866_p1,,17.86,
arrived_at_station,,osm_11927677057,,,,ev_6,,,,249,1159872649#2,,,,,,,,,
charging_started,,osm_11927677057,22.0,3616,,ev_6,,,,249,,,,,234.0664049282567,12.0,osm_11927677057_p1,,11.4,
lifecycle_state_transition,,,,,,ev_6,,,,249,,"{'station_id': 'osm_11927677057', 'port_id': 'osm_11927677057_p1'}",CHARGING,ROUTING_TO_STATION,,,,,,charging_started
charging_progress,,osm_9202909866,,,20.2583,ev_8,,,,260,,,,,,,osm_9202909866_p1,,18.26,
charging_progress,,osm_11927677057,,,0.88,ev_6,,,,260,,,,,,,osm_11927677057_p1,,11.64,
charging_progress,,osm_9202909866,,,22.0917,ev_8,,,,280,,,,,,,osm_9202909866_p1,,18.67,
charging_progress,,osm_11927677057,,,2.3467,ev_6,,,,280,,,,,,,osm_11927677057_p1,,12.05,
charging_progress,,osm_9202909866,,,23.925,ev_8,,,,300,,,,,,,osm_9202909866_p1,,19.08,
charging_progress,,osm_11927677057,,,3.8133,ev_6,,,,300,,,,,,,osm_11927677057_p1,,12.46,
charging_progress,,osm_9202909866,,,25.7583,ev_8,,,,320,,,,,,,osm_9202909866_p1,,19.49,
charging_progress,,osm_11927677057,,,5.28,ev_6,,,,320,,,,,,,osm_11927677057_p1,,12.86,
charging_progress,,osm_9202909866,,,27.5917,ev_8,,,,340,,,,,,,osm_9202909866_p1,,19.89,
charging_progress,,osm_11927677057,,,6.7467,ev_6,,,,340,,,,,,,osm_11927677057_p1,,13.27,
charging_progress,,osm_9202909866,,,29.425,ev_8,,,,360,,,,,,,osm_9202909866_p1,,20.3,
charging_progress,,osm_11927677057,,,8.2133,ev_6,,,,360,,,,,,,osm_11927677057_p1,,13.68,
charging_progress,,osm_9202909866,,,31.2583,ev_8,,,,380,,,,,,,osm_9202909866_p1,,20.71,
charging_progress,,osm_11927677057,,,9.68,ev_6,,,,380,,,,,,,osm_11927677057_p1,,14.09,
charging_progress,,osm_9202909866,,,33.0917,ev_8,,,,400,,,,,,,osm_9202909866_p1,,21.11,
charging_progress,,osm_11927677057,,,11.1467,ev_6,,,,400,,,,,,,osm_11927677057_p1,,14.49,
charging_progress,,osm_9202909866,,,34.925,ev_8,,,,420,,,,,,,osm_9202909866_p1,,21.52,
charging_progress,,osm_11927677057,,,12.6133,ev_6,,,,420,,,,,,,osm_11927677057_p1,,14.9,
charging_progress,,osm_9202909866,,,36.7583,ev_8,,,,440,,,,,,,osm_9202909866_p1,,21.93,
charging_progress,,osm_11927677057,,,14.08,ev_6,,,,440,,,,,,,osm_11927677057_p1,,15.31,
charging_progress,,osm_9202909866,,,38.5917,ev_8,,,,460,,,,,,,osm_9202909866_p1,,22.34,
charging_progress,,osm_11927677057,,,15.5467,ev_6,,,,460,,,,,,,osm_11927677057_p1,,15.72,
charging_progress,,osm_9202909866,,,40.425,ev_8,,,,480,,,,,,,osm_9202909866_p1,,22.74,
charging_progress,,osm_11927677057,,,17.0133,ev_6,,,,480,,,,,,,osm_11927677057_p1,,16.12,
charging_progress,,osm_9202909866,,,42.2583,ev_8,,,,500,,,,,,,osm_9202909866_p1,,23.15,
charging_progress,,osm_11927677057,,,18.48,ev_6,,,,500,,,,,,,osm_11927677057_p1,,16.53,
charging_progress,,osm_9202909866,,,44.0917,ev_8,,,,520,,,,,,,osm_9202909866_p1,,23.56,
charging_progress,,osm_11927677057,,,19.9467,ev_6,,,,520,,,,,,,osm_11927677057_p1,,16.94,
charging_progress,,osm_9202909866,,,45.925,ev_8,,,,540,,,,,,,osm_9202909866_p1,,23.97,
charging_progress,,osm_11927677057,,,21.4133,ev_6,,,,540,,,,,,,osm_11927677057_p1,,17.35,
charging_progress,,osm_9202909866,,,47.7583,ev_8,,,,560,,,,,,,osm_9202909866_p1,,24.37,
charging_progress,,osm_11927677057,,,22.88,ev_6,,,,560,,,,,,,osm_11927677057_p1,,17.75,
charging_progress,,osm_9202909866,,,49.5917,ev_8,,,,580,,,,,,,osm_9202909866_p1,,24.78,
charging_progress,,osm_11927677057,,,24.3467,ev_6,,,,580,,,,,,,osm_11927677057_p1,,18.16,
charging_progress,,osm_9202909866,,,51.425,ev_8,,,,600,,,,,,,osm_9202909866_p1,,25.19,
charging_progress,,osm_11927677057,,,25.8133,ev_6,,,,600,,,,,,,osm_11927677057_p1,,18.57,
charging_progress,,osm_9202909866,,,53.2583,ev_8,,,,620,,,,,,,osm_9202909866_p1,,25.6,
charging_progress,,osm_11927677057,,,27.28,ev_6,,,,620,,,,,,,osm_11927677057_p1,,18.98,
charging_progress,,osm_9202909866,,,55.0917,ev_8,,,,640,,,,,,,osm_9202909866_p1,,26.0,
charging_progress,,osm_11927677057,,,28.7467,ev_6,,,,640,,,,,,,osm_11927677057_p1,,19.38,
charging_progress,,osm_9202909866,,,56.925,ev_8,,,,660,,,,,,,osm_9202909866_p1,,26.41,
charging_progress,,osm_11927677057,,,30.2133,ev_6,,,,660,,,,,,,osm_11927677057_p1,,19.79,
charging_progress,,osm_9202909866,,,58.7583,ev_8,,,,680,,,,,,,osm_9202909866_p1,,26.82,
charging_progress,,osm_11927677057,,,31.68,ev_6,,,,680,,,,,,,osm_11927677057_p1,,20.2,
charging_progress,,osm_9202909866,,,60.5917,ev_8,,,,700,,,,,,,osm_9202909866_p1,,27.23,
charging_progress,,osm_11927677057,,,33.1467,ev_6,,,,700,,,,,,,osm_11927677057_p1,,20.61,
charging_progress,,osm_9202909866,,,62.425,ev_8,,,,720,,,,,,,osm_9202909866_p1,,27.63,
charging_progress,,osm_11927677057,,,34.6133,ev_6,,,,720,,,,,,,osm_11927677057_p1,,21.01,
charging_progress,,osm_9202909866,,,64.2583,ev_8,,,,740,,,,,,,osm_9202909866_p1,,28.04,
charging_progress,,osm_11927677057,,,36.08,ev_6,,,,740,,,,,,,osm_11927677057_p1,,21.42,
charging_progress,,osm_9202909866,,,66.0917,ev_8,,,,760,,,,,,,osm_9202909866_p1,,28.45,
charging_progress,,osm_11927677057,,,37.5467,ev_6,,,,760,,,,,,,osm_11927677057_p1,,21.83,
charging_progress,,osm_9202909866,,,67.925,ev_8,,,,780,,,,,,,osm_9202909866_p1,,28.86,
charging_progress,,osm_11927677057,,,39.0133,ev_6,,,,780,,,,,,,osm_11927677057_p1,,22.23,
charging_progress,,osm_9202909866,,,69.7583,ev_8,,,,800,,,,,,,osm_9202909866_p1,,29.26,
charging_progress,,osm_11927677057,,,40.48,ev_6,,,,800,,,,,,,osm_11927677057_p1,,22.64,
charging_progress,,osm_9202909866,,,71.5917,ev_8,,,,820,,,,,,,osm_9202909866_p1,,29.67,
charging_progress,,osm_11927677057,,,41.9467,ev_6,,,,820,,,,,,,osm_11927677057_p1,,23.05,
charging_progress,,osm_9202909866,,,73.425,ev_8,,,,840,,,,,,,osm_9202909866_p1,,30.08,
charging_progress,,osm_11927677057,,,43.4133,ev_6,,,,840,,,,,,,osm_11927677057_p1,,23.46,
charging_progress,,osm_9202909866,,,75.2583,ev_8,,,,860,,,,,,,osm_9202909866_p1,,30.49,
charging_progress,,osm_11927677057,,,44.88,ev_6,,,,860,,,,,,,osm_11927677057_p1,,23.86,
charging_progress,,osm_9202909866,,,77.0917,ev_8,,,,880,,,,,,,osm_9202909866_p1,,30.89,
charging_progress,,osm_11927677057,,,46.3467,ev_6,,,,880,,,,,,,osm_11927677057_p1,,24.27,
charging_progress,,osm_9202909866,,,78.925,ev_8,,,,900,,,,,,,osm_9202909866_p1,,31.3,
charging_progress,,osm_11927677057,,,47.8133,ev_6,,,,900,,,,,,,osm_11927677057_p1,,24.68,
charging_progress,,osm_9202909866,,,80.7583,ev_8,,,,920,,,,,,,osm_9202909866_p1,,31.71,
charging_progress,,osm_11927677057,,,49.28,ev_6,,,,920,,,,,,,osm_11927677057_p1,,25.09,
charging_progress,,osm_9202909866,,,82.5917,ev_8,,,,940,,,,,,,osm_9202909866_p1,,32.11,
charging_progress,,osm_11927677057,,,50.7467,ev_6,,,,940,,,,,,,osm_11927677057_p1,,25.49,
charging_progress,,osm_9202909866,,,84.425,ev_8,,,,960,,,,,,,osm_9202909866_p1,,32.52,
charging_progress,,osm_11927677057,,,52.2133,ev_6,,,,960,,,,,,,osm_11927677057_p1,,25.9,
charging_progress,,osm_9202909866,,,86.2583,ev_8,,,,980,,,,,,,osm_9202909866_p1,,32.93,
charging_progress,,osm_11927677057,,,53.68,ev_6,,,,980,,,,,,,osm_11927677057_p1,,26.31,
charging_progress,,osm_9202909866,,,88.0917,ev_8,,,,1000,,,,,,,osm_9202909866_p1,,33.34,
charging_progress,,osm_11927677057,,,55.1467,ev_6,,,,1000,,,,,,,osm_11927677057_p1,,26.72,
charging_progress,,osm_9202909866,,,89.925,ev_8,,,,1020,,,,,,,osm_9202909866_p1,,33.74,
charging_progress,,osm_11927677057,,,56.6133,ev_6,,,,1020,,,,,,,osm_11927677057_p1,,27.12,
charging_progress,,osm_9202909866,,,91.7583,ev_8,,,,1040,,,,,,,osm_9202909866_p1,,34.15,
charging_progress,,osm_11927677057,,,58.08,ev_6,,,,1040,,,,,,,osm_11927677057_p1,,27.53,
charging_progress,,osm_9202909866,,,93.5917,ev_8,,,,1060,,,,,,,osm_9202909866_p1,,34.56,
charging_progress,,osm_11927677057,,,59.5467,ev_6,,,,1060,,,,,,,osm_11927677057_p1,,27.94,
charging_progress,,osm_9202909866,,,95.425,ev_8,,,,1080,,,,,,,osm_9202909866_p1,,34.97,
charging_progress,,osm_11927677057,,,61.0133,ev_6,,,,1080,,,,,,,osm_11927677057_p1,,28.35,
charging_progress,,osm_9202909866,,,97.2583,ev_8,,,,1100,,,,,,,osm_9202909866_p1,,35.37,
charging_progress,,osm_11927677057,,,62.48,ev_6,,,,1100,,,,,,,osm_11927677057_p1,,28.75,
charging_progress,,osm_9202909866,,,99.0917,ev_8,,,,1120,,,,,,,osm_9202909866_p1,,35.78,
charging_progress,,osm_11927677057,,,63.9467,ev_6,,,,1120,,,,,,,osm_11927677057_p1,,29.16,
charging_progress,,osm_9202909866,,,100.925,ev_8,,,,1140,,,,,,,osm_9202909866_p1,,36.19,
charging_progress,,osm_11927677057,,,65.4133,ev_6,,,,1140,,,,,,,osm_11927677057_p1,,29.57,
charging_progress,,osm_9202909866,,,102.7583,ev_8,,,,1160,,,,,,,osm_9202909866_p1,,36.6,
charging_progress,,osm_11927677057,,,66.88,ev_6,,,,1160,,,,,,,osm_11927677057_p1,,29.98,
charging_progress,,osm_9202909866,,,104.5917,ev_8,,,,1180,,,,,,,osm_9202909866_p1,,37.0,
charging_progress,,osm_11927677057,,,68.3467,ev_6,,,,1180,,,,,,,osm_11927677057_p1,,30.38,
charging_progress,,osm_9202909866,,,106.425,ev_8,,,,1200,,,,,,,osm_9202909866_p1,,37.41,
charging_progress,,osm_11927677057,,,69.8133,ev_6,,,,1200,,,,,,,osm_11927677057_p1,,30.79,
charging_progress,,osm_9202909866,,,108.2583,ev_8,,,,1220,,,,,,,osm_9202909866_p1,,37.82,
charging_progress,,osm_11927677057,,,71.28,ev_6,,,,1220,,,,,,,osm_11927677057_p1,,31.2,
charging_progress,,osm_9202909866,,,110.0917,ev_8,,,,1240,,,,,,,osm_9202909866_p1,,38.23,
charging_progress,,osm_11927677057,,,72.7467,ev_6,,,,1240,,,,,,,osm_11927677057_p1,,31.61,
charging_progress,,osm_9202909866,,,111.925,ev_8,,,,1260,,,,,,,osm_9202909866_p1,,38.63,
charging_progress,,osm_11927677057,,,74.2133,ev_6,,,,1260,,,,,,,osm_11927677057_p1,,32.01,
charging_progress,,osm_9202909866,,,113.7583,ev_8,,,,1280,,,,,,,osm_9202909866_p1,,39.04,
charging_progress,,osm_11927677057,,,75.68,ev_6,,,,1280,,,,,,,osm_11927677057_p1,,32.42,
charging_progress,,osm_9202909866,,,115.5917,ev_8,,,,1300,,,,,,,osm_9202909866_p1,,39.45,
charging_progress,,osm_11927677057,,,77.1467,ev_6,,,,1300,,,,,,,osm_11927677057_p1,,32.83,
charging_progress,,osm_9202909866,,,117.425,ev_8,,,,1320,,,,,,,osm_9202909866_p1,,39.86,
charging_progress,,osm_11927677057,,,78.6133,ev_6,,,,1320,,,,,,,osm_11927677057_p1,,33.23,
charging_progress,,osm_9202909866,,,119.2583,ev_8,,,,1340,,,,,,,osm_9202909866_p1,,40.26,
charging_progress,,osm_11927677057,,,80.08,ev_6,,,,1340,,,,,,,osm_11927677057_p1,,33.64,
charging_progress,,osm_9202909866,,,121.0917,ev_8,,,,1360,,,,,,,osm_9202909866_p1,,40.67,
charging_progress,,osm_11927677057,,,81.5467,ev_6,,,,1360,,,,,,,osm_11927677057_p1,,34.05,
charging_progress,,osm_9202909866,,,122.925,ev_8,,,,1380,,,,,,,osm_9202909866_p1,,41.08,
charging_progress,,osm_11927677057,,,83.0133,ev_6,,,,1380,,,,,,,osm_11927677057_p1,,34.46,
charging_progress,,osm_9202909866,,,124.7583,ev_8,,,,1400,,,,,,,osm_9202909866_p1,,41.49,
charging_progress,,osm_11927677057,,,84.48,ev_6,,,,1400,,,,,,,osm_11927677057_p1,,34.86,
charging_progress,,osm_9202909866,,,126.5917,ev_8,,,,1420,,,,,,,osm_9202909866_p1,,41.89,
charging_progress,,osm_11927677057,,,85.9467,ev_6,,,,1420,,,,,,,osm_11927677057_p1,,35.27,
charging_progress,,osm_9202909866,,,128.425,ev_8,,,,1440,,,,,,,osm_9202909866_p1,,42.3,
charging_progress,,osm_11927677057,,,87.4133,ev_6,,,,1440,,,,,,,osm_11927677057_p1,,35.68,
charging_progress,,osm_9202909866,,,130.2583,ev_8,,,,1460,,,,,,,osm_9202909866_p1,,42.71,
charging_progress,,osm_11927677057,,,88.88,ev_6,,,,1460,,,,,,,osm_11927677057_p1,,36.09,
charging_progress,,osm_9202909866,,,132.0917,ev_8,,,,1480,,,,,,,osm_9202909866_p1,,43.11,
charging_progress,,osm_11927677057,,,90.3467,ev_6,,,,1480,,,,,,,osm_11927677057_p1,,36.49,
charging_progress,,osm_9202909866,,,133.925,ev_8,,,,1500,,,,,,,osm_9202909866_p1,,43.52,
charging_progress,,osm_11927677057,,,91.8133,ev_6,,,,1500,,,,,,,osm_11927677057_p1,,36.9,
charging_progress,,osm_9202909866,,,135.7583,ev_8,,,,1520,,,,,,,osm_9202909866_p1,,43.93,
charging_progress,,osm_11927677057,,,93.28,ev_6,,,,1520,,,,,,,osm_11927677057_p1,,37.31,
charging_progress,,osm_9202909866,,,137.5917,ev_8,,,,1540,,,,,,,osm_9202909866_p1,,44.34,
charging_progress,,osm_11927677057,,,94.7467,ev_6,,,,1540,,,,,,,osm_11927677057_p1,,37.72,
charging_progress,,osm_9202909866,,,139.425,ev_8,,,,1560,,,,,,,osm_9202909866_p1,,44.74,
charging_progress,,osm_11927677057,,,96.2133,ev_6,,,,1560,,,,,,,osm_11927677057_p1,,38.12,
charging_progress,,osm_9202909866,,,141.2583,ev_8,,,,1580,,,,,,,osm_9202909866_p1,,45.15,
charging_progress,,osm_11927677057,,,97.68,ev_6,,,,1580,,,,,,,osm_11927677057_p1,,38.53,
charging_progress,,osm_9202909866,,,143.0917,ev_8,,,,1600,,,,,,,osm_9202909866_p1,,45.56,
charging_progress,,osm_11927677057,,,99.1467,ev_6,,,,1600,,,,,,,osm_11927677057_p1,,38.94,
charging_progress,,osm_9202909866,,,144.925,ev_8,,,,1620,,,,,,,osm_9202909866_p1,,45.97,
charging_progress,,osm_11927677057,,,100.6133,ev_6,,,,1620,,,,,,,osm_11927677057_p1,,39.35,
charging_progress,,osm_9202909866,,,146.7583,ev_8,,,,1640,,,,,,,osm_9202909866_p1,,46.37,
charging_progress,,osm_11927677057,,,102.08,ev_6,,,,1640,,,,,,,osm_11927677057_p1,,39.75,
charging_progress,,osm_9202909866,,,148.5917,ev_8,,,,1660,,,,,,,osm_9202909866_p1,,46.78,
charging_progress,,osm_11927677057,,,103.5467,ev_6,,,,1660,,,,,,,osm_11927677057_p1,,40.16,
charging_progress,,osm_9202909866,,,150.425,ev_8,,,,1680,,,,,,,osm_9202909866_p1,,47.19,
charging_progress,,osm_11927677057,,,105.0133,ev_6,,,,1680,,,,,,,osm_11927677057_p1,,40.57,
charging_progress,,osm_9202909866,,,152.2583,ev_8,,,,1700,,,,,,,osm_9202909866_p1,,47.6,
charging_progress,,osm_11927677057,,,106.48,ev_6,,,,1700,,,,,,,osm_11927677057_p1,,40.98,
charging_progress,,osm_9202909866,,,154.0917,ev_8,,,,1720,,,,,,,osm_9202909866_p1,,48.0,
charging_progress,,osm_11927677057,,,107.9467,ev_6,,,,1720,,,,,,,osm_11927677057_p1,,41.38,
charging_progress,,osm_9202909866,,,155.925,ev_8,,,,1740,,,,,,,osm_9202909866_p1,,48.41,
charging_progress,,osm_11927677057,,,109.4133,ev_6,,,,1740,,,,,,,osm_11927677057_p1,,41.79,
charging_progress,,osm_9202909866,,,157.7583,ev_8,,,,1760,,,,,,,osm_9202909866_p1,,48.82,
charging_progress,,osm_11927677057,,,110.88,ev_6,,,,1760,,,,,,,osm_11927677057_p1,,42.2,
charging_progress,,osm_9202909866,,,159.5917,ev_8,,,,1780,,,,,,,osm_9202909866_p1,,49.23,
charging_progress,,osm_11927677057,,,112.3467,ev_6,,,,1780,,,,,,,osm_11927677057_p1,,42.61,
charging_progress,,osm_9202909866,,,161.425,ev_8,,,,1800,,,,,,,osm_9202909866_p1,,49.63,
charging_progress,,osm_11927677057,,,113.8133,ev_6,,,,1800,,,,,,,osm_11927677057_p1,,43.01,
charging_progress,,osm_9202909866,,,163.2583,ev_8,,,,1820,,,,,,,osm_9202909866_p1,,50.04,
charging_progress,,osm_11927677057,,,115.28,ev_6,,,,1820,,,,,,,osm_11927677057_p1,,43.42,
charging_progress,,osm_9202909866,,,165.0917,ev_8,,,,1840,,,,,,,osm_9202909866_p1,,50.45,
charging_progress,,osm_11927677057,,,116.7467,ev_6,,,,1840,,,,,,,osm_11927677057_p1,,43.83,
charging_progress,,osm_9202909866,,,166.925,ev_8,,,,1860,,,,,,,osm_9202909866_p1,,50.86,
charging_progress,,osm_11927677057,,,118.2133,ev_6,,,,1860,,,,,,,osm_11927677057_p1,,44.23,
charging_progress,,osm_9202909866,,,168.7583,ev_8,,,,1880,,,,,,,osm_9202909866_p1,,51.26,
charging_progress,,osm_11927677057,,,119.68,ev_6,,,,1880,,,,,,,osm_11927677057_p1,,44.64,
charging_progress,,osm_9202909866,,,170.5917,ev_8,,,,1900,,,,,,,osm_9202909866_p1,,51.67,
charging_progress,,osm_11927677057,,,121.1467,ev_6,,,,1900,,,,,,,osm_11927677057_p1,,45.05,
charging_progress,,osm_9202909866,,,172.425,ev_8,,,,1920,,,,,,,osm_9202909866_p1,,52.08,
charging_progress,,osm_11927677057,,,122.6133,ev_6,,,,1920,,,,,,,osm_11927677057_p1,,45.46,
charging_progress,,osm_9202909866,,,174.2583,ev_8,,,,1940,,,,,,,osm_9202909866_p1,,52.49,
charging_progress,,osm_11927677057,,,124.08,ev_6,,,,1940,,,,,,,osm_11927677057_p1,,45.86,
charging_progress,,osm_9202909866,,,176.0917,ev_8,,,,1960,,,,,,,osm_9202909866_p1,,52.89,
charging_progress,,osm_11927677057,,,125.5467,ev_6,,,,1960,,,,,,,osm_11927677057_p1,,46.27,
charging_progress,,osm_9202909866,,,177.925,ev_8,,,,1980,,,,,,,osm_9202909866_p1,,53.3,
charging_progress,,osm_11927677057,,,127.0133,ev_6,,,,1980,,,,,,,osm_11927677057_p1,,46.68,
charging_progress,,osm_9202909866,,,179.7583,ev_8,,,,2000,,,,,,,osm_9202909866_p1,,53.71,
charging_progress,,osm_11927677057,,,128.48,ev_6,,,,2000,,,,,,,osm_11927677057_p1,,47.09,
charging_progress,,osm_9202909866,,,181.5917,ev_8,,,,2020,,,,,,,osm_9202909866_p1,,54.11,
charging_progress,,osm_11927677057,,,129.9467,ev_6,,,,2020,,,,,,,osm_11927677057_p1,,47.49,
charging_progress,,osm_9202909866,,,183.425,ev_8,,,,2040,,,,,,,osm_9202909866_p1,,54.52,
charging_progress,,osm_11927677057,,,131.4133,ev_6,,,,2040,,,,,,,osm_11927677057_p1,,47.9,
charging_progress,,osm_9202909866,,,185.2583,ev_8,,,,2060,,,,,,,osm_9202909866_p1,,54.93,
charging_progress,,osm_11927677057,,,132.88,ev_6,,,,2060,,,,,,,osm_11927677057_p1,,48.31,
charging_progress,,osm_9202909866,,,187.0917,ev_8,,,,2080,,,,,,,osm_9202909866_p1,,55.34,
charging_progress,,osm_11927677057,,,134.3467,ev_6,,,,2080,,,,,,,osm_11927677057_p1,,48.72,
charging_progress,,osm_9202909866,,,188.925,ev_8,,,,2100,,,,,,,osm_9202909866_p1,,55.74,
charging_progress,,osm_11927677057,,,135.8133,ev_6,,,,2100,,,,,,,osm_11927677057_p1,,49.12,
charging_progress,,osm_9202909866,,,190.7583,ev_8,,,,2120,,,,,,,osm_9202909866_p1,,56.15,
charging_progress,,osm_11927677057,,,137.28,ev_6,,,,2120,,,,,,,osm_11927677057_p1,,49.53,
charging_progress,,osm_9202909866,,,192.5917,ev_8,,,,2140,,,,,,,osm_9202909866_p1,,56.56,
charging_progress,,osm_11927677057,,,138.7467,ev_6,,,,2140,,,,,,,osm_11927677057_p1,,49.94,
charging_progress,,osm_9202909866,,,194.425,ev_8,,,,2160,,,,,,,osm_9202909866_p1,,56.97,
charging_progress,,osm_11927677057,,,140.2133,ev_6,,,,2160,,,,,,,osm_11927677057_p1,,50.35,
charging_progress,,osm_9202909866,,,196.2583,ev_8,,,,2180,,,,,,,osm_9202909866_p1,,57.37,
charging_progress,,osm_11927677057,,,141.68,ev_6,,,,2180,,,,,,,osm_11927677057_p1,,50.75,
charging_progress,,osm_9202909866,,,198.0917,ev_8,,,,2200,,,,,,,osm_9202909866_p1,,57.78,
charging_progress,,osm_11927677057,,,143.1467,ev_6,,,,2200,,,,,,,osm_11927677057_p1,,51.16,
charging_progress,,osm_9202909866,,,199.925,ev_8,,,,2220,,,,,,,osm_9202909866_p1,,58.19,
charging_progress,,osm_11927677057,,,144.6133,ev_6,,,,2220,,,,,,,osm_11927677057_p1,,51.57,
charging_progress,,osm_9202909866,,,201.7583,ev_8,,,,2240,,,,,,,osm_9202909866_p1,,58.6,
charging_progress,,osm_11927677057,,,146.08,ev_6,,,,2240,,,,,,,osm_11927677057_p1,,51.98,
charging_progress,,osm_9202909866,,,203.5917,ev_8,,,,2260,,,,,,,osm_9202909866_p1,,59.0,
charging_progress,,osm_11927677057,,,147.5467,ev_6,,,,2260,,,,,,,osm_11927677057_p1,,52.38,
charging_progress,,osm_9202909866,,,205.425,ev_8,,,,2280,,,,,,,osm_9202909866_p1,,59.41,
charging_progress,,osm_11927677057,,,149.0133,ev_6,,,,2280,,,,,,,osm_11927677057_p1,,52.79,
charging_progress,,osm_9202909866,,,207.2583,ev_8,,,,2300,,,,,,,osm_9202909866_p1,,59.82,
charging_progress,,osm_11927677057,,,150.48,ev_6,,,,2300,,,,,,,osm_11927677057_p1,,53.2,
charging_progress,,osm_9202909866,,,209.0917,ev_8,,,,2320,,,,,,,osm_9202909866_p1,,60.23,
charging_progress,,osm_11927677057,,,151.9467,ev_6,,,,2320,,,,,,,osm_11927677057_p1,,53.61,
charging_progress,,osm_9202909866,,,210.925,ev_8,,,,2340,,,,,,,osm_9202909866_p1,,60.63,
charging_progress,,osm_11927677057,,,153.4133,ev_6,,,,2340,,,,,,,osm_11927677057_p1,,54.01,
charging_progress,,osm_9202909866,,,212.7583,ev_8,,,,2360,,,,,,,osm_9202909866_p1,,61.04,
charging_progress,,osm_11927677057,,,154.88,ev_6,,,,2360,,,,,,,osm_11927677057_p1,,54.42,
charging_progress,,osm_9202909866,,,214.5917,ev_8,,,,2380,,,,,,,osm_9202909866_p1,,61.45,
charging_progress,,osm_11927677057,,,156.3467,ev_6,,,,2380,,,,,,,osm_11927677057_p1,,54.83,
charging_progress,,osm_9202909866,,,216.425,ev_8,,,,2400,,,,,,,osm_9202909866_p1,,61.86,
charging_progress,,osm_11927677057,,,157.8133,ev_6,,,,2400,,,,,,,osm_11927677057_p1,,55.23,
charging_progress,,osm_9202909866,,,218.2583,ev_8,,,,2420,,,,,,,osm_9202909866_p1,,62.26,
charging_progress,,osm_11927677057,,,159.28,ev_6,,,,2420,,,,,,,osm_11927677057_p1,,55.64,
charging_progress,,osm_9202909866,,,220.0917,ev_8,,,,2440,,,,,,,osm_9202909866_p1,,62.67,
charging_progress,,osm_11927677057,,,160.7467,ev_6,,,,2440,,,,,,,osm_11927677057_p1,,56.05,
charging_progress,,osm_9202909866,,,221.925,ev_8,,,,2460,,,,,,,osm_9202909866_p1,,63.08,
charging_progress,,osm_11927677057,,,162.2133,ev_6,,,,2460,,,,,,,osm_11927677057_p1,,56.46,
charging_progress,,osm_9202909866,,,223.7583,ev_8,,,,2480,,,,,,,osm_9202909866_p1,,63.49,
charging_progress,,osm_11927677057,,,163.68,ev_6,,,,2480,,,,,,,osm_11927677057_p1,,56.86,
charging_progress,,osm_9202909866,,,225.5917,ev_8,,,,2500,,,,,,,osm_9202909866_p1,,63.89,
charging_progress,,osm_11927677057,,,165.1467,ev_6,,,,2500,,,,,,,osm_11927677057_p1,,57.27,
charging_progress,,osm_9202909866,,,227.425,ev_8,,,,2520,,,,,,,osm_9202909866_p1,,64.3,
charging_progress,,osm_11927677057,,,166.6133,ev_6,,,,2520,,,,,,,osm_11927677057_p1,,57.68,
charging_progress,,osm_9202909866,,,229.2583,ev_8,,,,2540,,,,,,,osm_9202909866_p1,,64.71,
charging_progress,,osm_11927677057,,,168.08,ev_6,,,,2540,,,,,,,osm_11927677057_p1,,58.09,
charging_progress,,osm_9202909866,,,231.0917,ev_8,,,,2560,,,,,,,osm_9202909866_p1,,65.11,
charging_progress,,osm_11927677057,,,169.5467,ev_6,,,,2560,,,,,,,osm_11927677057_p1,,58.49,
charging_progress,,osm_9202909866,,,232.925,ev_8,,,,2580,,,,,,,osm_9202909866_p1,,65.52,
charging_progress,,osm_11927677057,,,171.0133,ev_6,,,,2580,,,,,,,osm_11927677057_p1,,58.9,
charging_progress,,osm_9202909866,,,234.7583,ev_8,,,,2600,,,,,,,osm_9202909866_p1,,65.93,
charging_progress,,osm_11927677057,,,172.48,ev_6,,,,2600,,,,,,,osm_11927677057_p1,,59.31,
charging_progress,,osm_9202909866,,,236.5917,ev_8,,,,2620,,,,,,,osm_9202909866_p1,,66.34,
charging_progress,,osm_11927677057,,,173.9467,ev_6,,,,2620,,,,,,,osm_11927677057_p1,,59.72,
charging_progress,,osm_9202909866,,,238.425,ev_8,,,,2640,,,,,,,osm_9202909866_p1,,66.74,
charging_progress,,osm_11927677057,,,175.4133,ev_6,,,,2640,,,,,,,osm_11927677057_p1,,60.12,
charging_progress,,osm_9202909866,,,240.2583,ev_8,,,,2660,,,,,,,osm_9202909866_p1,,67.15,
charging_progress,,osm_11927677057,,,176.88,ev_6,,,,2660,,,,,,,osm_11927677057_p1,,60.53,
charging_progress,,osm_9202909866,,,242.0917,ev_8,,,,2680,,,,,,,osm_9202909866_p1,,67.56,
charging_progress,,osm_11927677057,,,178.3467,ev_6,,,,2680,,,,,,,osm_11927677057_p1,,60.94,
charging_progress,,osm_9202909866,,,243.925,ev_8,,,,2700,,,,,,,osm_9202909866_p1,,67.97,
charging_progress,,osm_11927677057,,,179.8133,ev_6,,,,2700,,,,,,,osm_11927677057_p1,,61.35,
charging_progress,,osm_9202909866,,,245.7583,ev_8,,,,2720,,,,,,,osm_9202909866_p1,,68.37,
charging_progress,,osm_11927677057,,,181.28,ev_6,,,,2720,,,,,,,osm_11927677057_p1,,61.75,
charging_progress,,osm_9202909866,,,247.5917,ev_8,,,,2740,,,,,,,osm_9202909866_p1,,68.78,
charging_progress,,osm_11927677057,,,182.7467,ev_6,,,,2740,,,,,,,osm_11927677057_p1,,62.16,
charging_progress,,osm_9202909866,,,249.425,ev_8,,,,2760,,,,,,,osm_9202909866_p1,,69.19,
charging_progress,,osm_11927677057,,,184.2133,ev_6,,,,2760,,,,,,,osm_11927677057_p1,,62.57,
charging_progress,,osm_9202909866,,,251.2583,ev_8,,,,2780,,,,,,,osm_9202909866_p1,,69.6,
charging_progress,,osm_11927677057,,,185.68,ev_6,,,,2780,,,,,,,osm_11927677057_p1,,62.98,
charging_progress,,osm_9202909866,,,253.0917,ev_8,,,,2800,,,,,,,osm_9202909866_p1,,70.0,
charging_progress,,osm_11927677057,,,187.1467,ev_6,,,,2800,,,,,,,osm_11927677057_p1,,63.38,
charging_progress,,osm_9202909866,,,254.925,ev_8,,,,2820,,,,,,,osm_9202909866_p1,,70.41,
charging_progress,,osm_11927677057,,,188.6133,ev_6,,,,2820,,,,,,,osm_11927677057_p1,,63.79,
charging_progress,,osm_9202909866,,,256.7583,ev_8,,,,2840,,,,,,,osm_9202909866_p1,,70.82,
charging_progress,,osm_11927677057,,,190.08,ev_6,,,,2840,,,,,,,osm_11927677057_p1,,64.2,
charging_progress,,osm_9202909866,,,258.5917,ev_8,,,,2860,,,,,,,osm_9202909866_p1,,71.23,
charging_progress,,osm_11927677057,,,191.5467,ev_6,,,,2860,,,,,,,osm_11927677057_p1,,64.61,
charging_progress,,osm_9202909866,,,260.425,ev_8,,,,2880,,,,,,,osm_9202909866_p1,,71.63,
charging_progress,,osm_11927677057,,,193.0133,ev_6,,,,2880,,,,,,,osm_11927677057_p1,,65.01,
charging_progress,,osm_9202909866,,,262.2583,ev_8,,,,2900,,,,,,,osm_9202909866_p1,,72.04,
charging_progress,,osm_11927677057,,,194.48,ev_6,,,,2900,,,,,,,osm_11927677057_p1,,65.42,
charging_progress,,osm_9202909866,,,264.0917,ev_8,,,,2920,,,,,,,osm_9202909866_p1,,72.45,
charging_progress,,osm_11927677057,,,195.9467,ev_6,,,,2920,,,,,,,osm_11927677057_p1,,65.83,
charging_progress,,osm_9202909866,,,265.925,ev_8,,,,2940,,,,,,,osm_9202909866_p1,,72.86,
charging_progress,,osm_11927677057,,,197.4133,ev_6,,,,2940,,,,,,,osm_11927677057_p1,,66.23,
charging_progress,,osm_9202909866,,,267.7583,ev_8,,,,2960,,,,,,,osm_9202909866_p1,,73.26,
charging_progress,,osm_11927677057,,,198.88,ev_6,,,,2960,,,,,,,osm_11927677057_p1,,66.64,
charging_progress,,osm_9202909866,,,269.5917,ev_8,,,,2980,,,,,,,osm_9202909866_p1,,73.67,
charging_progress,,osm_11927677057,,,200.3467,ev_6,,,,2980,,,,,,,osm_11927677057_p1,,67.05,
charging_progress,,osm_9202909866,,,271.425,ev_8,,,,3000,,,,,,,osm_9202909866_p1,,74.08,
charging_progress,,osm_11927677057,,,201.8133,ev_6,,,,3000,,,,,,,osm_11927677057_p1,,67.46,
charging_progress,,osm_9202909866,,,273.2583,ev_8,,,,3020,,,,,,,osm_9202909866_p1,,74.49,
charging_progress,,osm_11927677057,,,203.28,ev_6,,,,3020,,,,,,,osm_11927677057_p1,,67.86,
charging_progress,,osm_9202909866,,,275.0917,ev_8,,,,3040,,,,,,,osm_9202909866_p1,,74.89,
charging_progress,,osm_11927677057,,,204.7467,ev_6,,,,3040,,,,,,,osm_11927677057_p1,,68.27,
charging_progress,,osm_9202909866,,,276.925,ev_8,,,,3060,,,,,,,osm_9202909866_p1,,75.3,
charging_progress,,osm_11927677057,,,206.2133,ev_6,,,,3060,,,,,,,osm_11927677057_p1,,68.68,
charging_progress,,osm_9202909866,,,278.7583,ev_8,,,,3080,,,,,,,osm_9202909866_p1,,75.71,
charging_progress,,osm_11927677057,,,207.68,ev_6,,,,3080,,,,,,,osm_11927677057_p1,,69.09,
charging_progress,,osm_9202909866,,,280.5917,ev_8,,,,3100,,,,,,,osm_9202909866_p1,,76.11,
charging_progress,,osm_11927677057,,,209.1467,ev_6,,,,3100,,,,,,,osm_11927677057_p1,,69.49,
charging_progress,,osm_9202909866,,,282.425,ev_8,,,,3120,,,,,,,osm_9202909866_p1,,76.52,
charging_progress,,osm_11927677057,,,210.6133,ev_6,,,,3120,,,,,,,osm_11927677057_p1,,69.9,
charging_progress,,osm_9202909866,,,284.2583,ev_8,,,,3140,,,,,,,osm_9202909866_p1,,76.93,
charging_progress,,osm_11927677057,,,212.08,ev_6,,,,3140,,,,,,,osm_11927677057_p1,,70.31,
charging_progress,,osm_9202909866,,,286.0917,ev_8,,,,3160,,,,,,,osm_9202909866_p1,,77.34,
charging_progress,,osm_11927677057,,,213.5467,ev_6,,,,3160,,,,,,,osm_11927677057_p1,,70.72,
charging_progress,,osm_9202909866,,,287.925,ev_8,,,,3180,,,,,,,osm_9202909866_p1,,77.74,
charging_progress,,osm_11927677057,,,215.0133,ev_6,,,,3180,,,,,,,osm_11927677057_p1,,71.12,
charging_progress,,osm_9202909866,,,289.7583,ev_8,,,,3200,,,,,,,osm_9202909866_p1,,78.15,
charging_progress,,osm_11927677057,,,216.48,ev_6,,,,3200,,,,,,,osm_11927677057_p1,,71.53,
charging_progress,,osm_9202909866,,,291.5917,ev_8,,,,3220,,,,,,,osm_9202909866_p1,,78.56,
charging_progress,,osm_11927677057,,,217.9467,ev_6,,,,3220,,,,,,,osm_11927677057_p1,,71.94,
charging_progress,,osm_9202909866,,,293.425,ev_8,,,,3240,,,,,,,osm_9202909866_p1,,78.97,
charging_progress,,osm_11927677057,,,219.4133,ev_6,,,,3240,,,,,,,osm_11927677057_p1,,72.35,
charging_progress,,osm_9202909866,,,295.2583,ev_8,,,,3260,,,,,,,osm_9202909866_p1,,79.37,
charging_progress,,osm_11927677057,,,220.88,ev_6,,,,3260,,,,,,,osm_11927677057_p1,,72.75,
charging_progress,,osm_9202909866,,,297.0917,ev_8,,,,3280,,,,,,,osm_9202909866_p1,,79.78,
charging_progress,,osm_11927677057,,,222.3467,ev_6,,,,3280,,,,,,,osm_11927677057_p1,,73.16,
lifecycle_state_transition,,,,,,ev_8,,,,3291,,"{'station_id': 'osm_9202909866', 'port_id': 'osm_9202909866_p1', 'battery_pct': 80.01}",CHARGED,CHARGING,,,,,,charging_completed
resumed_route,-173006675#1,osm_9202909866,,,,ev_8,,,,3291,,,,,,,,,,
lifecycle_state_transition,,,,,,ev_8,,,,3291,,"{'station_id': 'osm_9202909866', 'destination_edge': '-173006675#1'}",RESUMING_TRIP,CHARGED,,,,,,resumed_route
charging_completed,,osm_9202909866,,,298.1,ev_8,,,,3291,,,,,,,osm_9202909866_p1,,80.01,
arrived_at_station,,osm_9202909866,,,,ev_1,,,,3295,-36054475#1,,,,,,,,,
charging_started,,osm_9202909866,22.0,9754,,ev_1,,,,3295,,,,,585.148284743347,15.0,osm_9202909866_p1,,14.21,
lifecycle_state_transition,,,,,,ev_1,,,,3295,,"{'station_id': 'osm_9202909866', 'port_id': 'osm_9202909866_p1'}",CHARGING,ROUTING_TO_STATION,,,,,,charging_started
charging_progress,,osm_9202909866,,,0.55,ev_1,,,,3300,,,,,,,osm_9202909866_p1,,14.27,
charging_progress,,osm_11927677057,,,223.8133,ev_6,,,,3300,,,,,,,osm_11927677057_p1,,73.57,
charging_progress,,osm_9202909866,,,2.3833,ev_1,,,,3320,,,,,,,osm_9202909866_p1,,14.47,
charging_progress,,osm_11927677057,,,225.28,ev_6,,,,3320,,,,,,,osm_11927677057_p1,,73.98,
charging_progress,,osm_9202909866,,,4.2167,ev_1,,,,3340,,,,,,,osm_9202909866_p1,,14.67,
charging_progress,,osm_11927677057,,,226.7467,ev_6,,,,3340,,,,,,,osm_11927677057_p1,,74.38,
charging_progress,,osm_9202909866,,,6.05,ev_1,,,,3360,,,,,,,osm_9202909866_p1,,14.88,
charging_progress,,osm_11927677057,,,228.2133,ev_6,,,,3360,,,,,,,osm_11927677057_p1,,74.79,
charging_progress,,osm_9202909866,,,7.8833,ev_1,,,,3380,,,,,,,osm_9202909866_p1,,15.08,
charging_progress,,osm_11927677057,,,229.68,ev_6,,,,3380,,,,,,,osm_11927677057_p1,,75.2,
charging_progress,,osm_9202909866,,,9.7167,ev_1,,,,3400,,,,,,,osm_9202909866_p1,,15.29,
charging_progress,,osm_11927677057,,,231.1467,ev_6,,,,3400,,,,,,,osm_11927677057_p1,,75.61,
charging_progress,,osm_9202909866,,,11.55,ev_1,,,,3420,,,,,,,osm_9202909866_p1,,15.49,
charging_progress,,osm_11927677057,,,232.6133,ev_6,,,,3420,,,,,,,osm_11927677057_p1,,76.01,
charging_progress,,osm_9202909866,,,13.3833,ev_1,,,,3440,,,,,,,osm_9202909866_p1,,15.69,
charging_progress,,osm_11927677057,,,234.08,ev_6,,,,3440,,,,,,,osm_11927677057_p1,,76.42,
charging_progress,,osm_9202909866,,,15.2167,ev_1,,,,3460,,,,,,,osm_9202909866_p1,,15.9,
charging_progress,,osm_11927677057,,,235.5467,ev_6,,,,3460,,,,,,,osm_11927677057_p1,,76.83,
charging_progress,,osm_9202909866,,,17.05,ev_1,,,,3480,,,,,,,osm_9202909866_p1,,16.1,
charging_progress,,osm_11927677057,,,237.0133,ev_6,,,,3480,,,,,,,osm_11927677057_p1,,77.23,
charging_progress,,osm_9202909866,,,18.8833,ev_1,,,,3500,,,,,,,osm_9202909866_p1,,16.3,
charging_progress,,osm_11927677057,,,238.48,ev_6,,,,3500,,,,,,,osm_11927677057_p1,,77.64,
charging_progress,,osm_9202909866,,,20.7167,ev_1,,,,3520,,,,,,,osm_9202909866_p1,,16.51,
charging_progress,,osm_11927677057,,,239.9467,ev_6,,,,3520,,,,,,,osm_11927677057_p1,,78.05,
charging_progress,,osm_9202909866,,,22.55,ev_1,,,,3540,,,,,,,osm_9202909866_p1,,16.71,
charging_progress,,osm_11927677057,,,241.4133,ev_6,,,,3540,,,,,,,osm_11927677057_p1,,78.46,
charging_progress,,osm_9202909866,,,24.3833,ev_1,,,,3560,,,,,,,osm_9202909866_p1,,16.92,
charging_progress,,osm_11927677057,,,242.88,ev_6,,,,3560,,,,,,,osm_11927677057_p1,,78.86,
charging_progress,,osm_9202909866,,,26.2167,ev_1,,,,3580,,,,,,,osm_9202909866_p1,,17.12,
charging_progress,,osm_11927677057,,,244.3467,ev_6,,,,3580,,,,,,,osm_11927677057_p1,,79.27,
charging_progress,,osm_9202909866,,,28.05,ev_1,,,,3600,,,,,,,osm_9202909866_p1,,17.32,
charging_progress,,osm_11927677057,,,245.8133,ev_6,,,,3600,,,,,,,osm_11927677057_p1,,79.68,
lifecycle_state_transition,,,,,,ev_6,,,,3616,,"{'station_id': 'osm_11927677057', 'port_id': 'osm_11927677057_p1', 'battery_pct': 80.01}",CHARGED,CHARGING,,,,,,charging_completed
resumed_route,543283935,osm_11927677057,,,,ev_6,,,,3616,,,,,,,,,,
lifecycle_state_transition,,,,,,ev_6,,,,3616,,"{'station_id': 'osm_11927677057', 'destination_edge': '543283935'}",RESUMING_TRIP,CHARGED,,,,,,resumed_route
charging_completed,,osm_11927677057,,,246.9867,ev_6,,,,3616,,,,,,,osm_11927677057_p1,,80.01,
charging_progress,,osm_9202909866,,,29.8833,ev_1,,,,3620,,,,,,,osm_9202909866_p1,,17.53,
charging_progress,,osm_9202909866,,,31.7167,ev_1,,,,3640,,,,,,,osm_9202909866_p1,,17.73,
charging_progress,,osm_9202909866,,,33.55,ev_1,,,,3660,,,,,,,osm_9202909866_p1,,17.93,
charging_progress,,osm_9202909866,,,35.3833,ev_1,,,,3680,,,,,,,osm_9202909866_p1,,18.14,
charging_progress,,osm_9202909866,,,37.2167,ev_1,,,,3700,,,,,,,osm_9202909866_p1,,18.34,
charging_progress,,osm_9202909866,,,39.05,ev_1,,,,3720,,,,,,,osm_9202909866_p1,,18.54,
charging_progress,,osm_9202909866,,,40.8833,ev_1,,,,3740,,,,,,,osm_9202909866_p1,,18.75,
charging_progress,,osm_9202909866,,,42.7167,ev_1,,,,3760,,,,,,,osm_9202909866_p1,,18.95,
charging_progress,,osm_9202909866,,,44.55,ev_1,,,,3780,,,,,,,osm_9202909866_p1,,19.16,
charging_progress,,osm_9202909866,,,46.3833,ev_1,,,,3800,,,,,,,osm_9202909866_p1,,19.36,
charging_progress,,osm_9202909866,,,48.2167,ev_1,,,,3820,,,,,,,osm_9202909866_p1,,19.56,
charging_progress,,osm_9202909866,,,50.05,ev_1,,,,3840,,,,,,,osm_9202909866_p1,,19.77,
charging_progress,,osm_9202909866,,,51.8833,ev_1,,,,3860,,,,,,,osm_9202909866_p1,,19.97,
charging_progress,,osm_9202909866,,,53.7167,ev_1,,,,3880,,,,,,,osm_9202909866_p1,,20.17,
charging_progress,,osm_9202909866,,,55.55,ev_1,,,,3900,,,,,,,osm_9202909866_p1,,20.38,
charging_progress,,osm_9202909866,,,57.3833,ev_1,,,,3920,,,,,,,osm_9202909866_p1,,20.58,
charging_progress,,osm_9202909866,,,59.2167,ev_1,,,,3940,,,,,,,osm_9202909866_p1,,20.79,
charging_progress,,osm_9202909866,,,61.05,ev_1,,,,3960,,,,,,,osm_9202909866_p1,,20.99,
charging_progress,,osm_9202909866,,,62.8833,ev_1,,,,3980,,,,,,,osm_9202909866_p1,,21.19,
charging_progress,,osm_9202909866,,,64.7167,ev_1,,,,4000,,,,,,,osm_9202909866_p1,,21.4,
charging_progress,,osm_9202909866,,,66.55,ev_1,,,,4020,,,,,,,osm_9202909866_p1,,21.6,
charging_progress,,osm_9202909866,,,68.3833,ev_1,,,,4040,,,,,,,osm_9202909866_p1,,21.8,
charging_progress,,osm_9202909866,,,70.2167,ev_1,,,,4060,,,,,,,osm_9202909866_p1,,22.01,
charging_progress,,osm_9202909866,,,72.05,ev_1,,,,4080,,,,,,,osm_9202909866_p1,,22.21,
charging_progress,,osm_9202909866,,,73.8833,ev_1,,,,4100,,,,,,,osm_9202909866_p1,,22.42,
charging_progress,,osm_9202909866,,,75.7167,ev_1,,,,4120,,,,,,,osm_9202909866_p1,,22.62,
charging_progress,,osm_9202909866,,,77.55,ev_1,,,,4140,,,,,,,osm_9202909866_p1,,22.82,
charging_progress,,osm_9202909866,,,79.3833,ev_1,,,,4160,,,,,,,osm_9202909866_p1,,23.03,
charging_progress,,osm_9202909866,,,81.2167,ev_1,,,,4180,,,,,,,osm_9202909866_p1,,23.23,
charging_progress,,osm_9202909866,,,83.05,ev_1,,,,4200,,,,,,,osm_9202909866_p1,,23.43,
charging_progress,,osm_9202909866,,,84.8833,ev_1,,,,4220,,,,,,,osm_9202909866_p1,,23.64,
charging_progress,,osm_9202909866,,,86.7167,ev_1,,,,4240,,,,,,,osm_9202909866_p1,,23.84,
charging_progress,,osm_9202909866,,,88.55,ev_1,,,,4260,,,,,,,osm_9202909866_p1,,24.04,
charging_progress,,osm_9202909866,,,90.3833,ev_1,,,,4280,,,,,,,osm_9202909866_p1,,24.25,
charging_progress,,osm_9202909866,,,92.2167,ev_1,,,,4300,,,,,,,osm_9202909866_p1,,24.45,
charging_progress,,osm_9202909866,,,94.05,ev_1,,,,4320,,,,,,,osm_9202909866_p1,,24.66,
charging_progress,,osm_9202909866,,,95.8833,ev_1,,,,4340,,,,,,,osm_9202909866_p1,,24.86,
charging_progress,,osm_9202909866,,,97.7167,ev_1,,,,4360,,,,,,,osm_9202909866_p1,,25.06,
charging_progress,,osm_9202909866,,,99.55,ev_1,,,,4380,,,,,,,osm_9202909866_p1,,25.27,
charging_progress,,osm_9202909866,,,101.3833,ev_1,,,,4400,,,,,,,osm_9202909866_p1,,25.47,
charging_progress,,osm_9202909866,,,103.2167,ev_1,,,,4420,,,,,,,osm_9202909866_p1,,25.67,
charging_progress,,osm_9202909866,,,105.05,ev_1,,,,4440,,,,,,,osm_9202909866_p1,,25.88,
charging_progress,,osm_9202909866,,,106.8833,ev_1,,,,4460,,,,,,,osm_9202909866_p1,,26.08,
charging_progress,,osm_9202909866,,,108.7167,ev_1,,,,4480,,,,,,,osm_9202909866_p1,,26.29,
charging_progress,,osm_9202909866,,,110.55,ev_1,,,,4500,,,,,,,osm_9202909866_p1,,26.49,
charging_progress,,osm_9202909866,,,112.3833,ev_1,,,,4520,,,,,,,osm_9202909866_p1,,26.69,
charging_progress,,osm_9202909866,,,114.2167,ev_1,,,,4540,,,,,,,osm_9202909866_p1,,26.9,
charging_progress,,osm_9202909866,,,116.05,ev_1,,,,4560,,,,,,,osm_9202909866_p1,,27.1,
charging_progress,,osm_9202909866,,,117.8833,ev_1,,,,4580,,,,,,,osm_9202909866_p1,,27.3,
charging_progress,,osm_9202909866,,,119.7167,ev_1,,,,4600,,,,,,,osm_9202909866_p1,,27.51,
charging_progress,,osm_9202909866,,,121.55,ev_1,,,,4620,,,,,,,osm_9202909866_p1,,27.71,
charging_progress,,osm_9202909866,,,123.3833,ev_1,,,,4640,,,,,,,osm_9202909866_p1,,27.92,
charging_progress,,osm_9202909866,,,125.2167,ev_1,,,,4660,,,,,,,osm_9202909866_p1,,28.12,
charging_progress,,osm_9202909866,,,127.05,ev_1,,,,4680,,,,,,,osm_9202909866_p1,,28.32,
charging_progress,,osm_9202909866,,,128.8833,ev_1,,,,4700,,,,,,,osm_9202909866_p1,,28.53,
charging_progress,,osm_9202909866,,,130.7167,ev_1,,,,4720,,,,,,,osm_9202909866_p1,,28.73,
charging_progress,,osm_9202909866,,,132.55,ev_1,,,,4740,,,,,,,osm_9202909866_p1,,28.93,
charging_progress,,osm_9202909866,,,134.3833,ev_1,,,,4760,,,,,,,osm_9202909866_p1,,29.14,
charging_progress,,osm_9202909866,,,136.2167,ev_1,,,,4780,,,,,,,osm_9202909866_p1,,29.34,
charging_progress,,osm_9202909866,,,138.05,ev_1,,,,4800,,,,,,,osm_9202909866_p1,,29.54,
charging_progress,,osm_9202909866,,,139.8833,ev_1,,,,4820,,,,,,,osm_9202909866_p1,,29.75,
charging_progress,,osm_9202909866,,,141.7167,ev_1,,,,4840,,,,,,,osm_9202909866_p1,,29.95,
charging_progress,,osm_9202909866,,,143.55,ev_1,,,,4860,,,,,,,osm_9202909866_p1,,30.16,
charging_progress,,osm_9202909866,,,145.3833,ev_1,,,,4880,,,,,,,osm_9202909866_p1,,30.36,
charging_progress,,osm_9202909866,,,147.2167,ev_1,,,,4900,,,,,,,osm_9202909866_p1,,30.56,
charging_progress,,osm_9202909866,,,149.05,ev_1,,,,4920,,,,,,,osm_9202909866_p1,,30.77,
charging_progress,,osm_9202909866,,,150.8833,ev_1,,,,4940,,,,,,,osm_9202909866_p1,,30.97,
charging_progress,,osm_9202909866,,,152.7167,ev_1,,,,4960,,,,,,,osm_9202909866_p1,,31.17,
charging_progress,,osm_9202909866,,,154.55,ev_1,,,,4980,,,,,,,osm_9202909866_p1,,31.38,
charging_progress,,osm_9202909866,,,156.3833,ev_1,,,,5000,,,,,,,osm_9202909866_p1,,31.58,
charging_progress,,osm_9202909866,,,158.2167,ev_1,,,,5020,,,,,,,osm_9202909866_p1,,31.79,
charging_progress,,osm_9202909866,,,160.05,ev_1,,,,5040,,,,,,,osm_9202909866_p1,,31.99,
charging_progress,,osm_9202909866,,,161.8833,ev_1,,,,5060,,,,,,,osm_9202909866_p1,,32.19,
charging_progress,,osm_9202909866,,,163.7167,ev_1,,,,5080,,,,,,,osm_9202909866_p1,,32.4,
charging_progress,,osm_9202909866,,,165.55,ev_1,,,,5100,,,,,,,osm_9202909866_p1,,32.6,
charging_progress,,osm_9202909866,,,167.3833,ev_1,,,,5120,,,,,,,osm_9202909866_p1,,32.8,
charging_progress,,osm_9202909866,,,169.2167,ev_1,,,,5140,,,,,,,osm_9202909866_p1,,33.01,
charging_progress,,osm_9202909866,,,171.05,ev_1,,,,5160,,,,,,,osm_9202909866_p1,,33.21,
charging_progress,,osm_9202909866,,,172.8833,ev_1,,,,5180,,,,,,,osm_9202909866_p1,,33.42,
charging_progress,,osm_9202909866,,,174.7167,ev_1,,,,5200,,,,,,,osm_9202909866_p1,,33.62,
charging_progress,,osm_9202909866,,,176.55,ev_1,,,,5220,,,,,,,osm_9202909866_p1,,33.82,
charging_progress,,osm_9202909866,,,178.3833,ev_1,,,,5240,,,,,,,osm_9202909866_p1,,34.03,
charging_progress,,osm_9202909866,,,180.2167,ev_1,,,,5260,,,,,,,osm_9202909866_p1,,34.23,
charging_progress,,osm_9202909866,,,182.05,ev_1,,,,5280,,,,,,,osm_9202909866_p1,,34.43,
charging_progress,,osm_9202909866,,,183.8833,ev_1,,,,5300,,,,,,,osm_9202909866_p1,,34.64,
charging_progress,,osm_9202909866,,,185.7167,ev_1,,,,5320,,,,,,,osm_9202909866_p1,,34.84,
charging_progress,,osm_9202909866,,,187.55,ev_1,,,,5340,,,,,,,osm_9202909866_p1,,35.04,
charging_progress,,osm_9202909866,,,189.3833,ev_1,,,,5360,,,,,,,osm_9202909866_p1,,35.25,
charging_progress,,osm_9202909866,,,191.2167,ev_1,,,,5380,,,,,,,osm_9202909866_p1,,35.45,
charging_progress,,osm_9202909866,,,193.05,ev_1,,,,5400,,,,,,,osm_9202909866_p1,,35.66,
charging_progress,,osm_9202909866,,,194.8833,ev_1,,,,5420,,,,,,,osm_9202909866_p1,,35.86,
charging_progress,,osm_9202909866,,,196.7167,ev_1,,,,5440,,,,,,,osm_9202909866_p1,,36.06,
charging_progress,,osm_9202909866,,,198.55,ev_1,,,,5460,,,,,,,osm_9202909866_p1,,36.27,
charging_progress,,osm_9202909866,,,200.3833,ev_1,,,,5480,,,,,,,osm_9202909866_p1,,36.47,
charging_progress,,osm_9202909866,,,202.2167,ev_1,,,,5500,,,,,,,osm_9202909866_p1,,36.67,
charging_progress,,osm_9202909866,,,204.05,ev_1,,,,5520,,,,,,,osm_9202909866_p1,,36.88,
charging_progress,,osm_9202909866,,,205.8833,ev_1,,,,5540,,,,,,,osm_9202909866_p1,,37.08,
charging_progress,,osm_9202909866,,,207.7167,ev_1,,,,5560,,,,,,,osm_9202909866_p1,,37.29,
charging_progress,,osm_9202909866,,,209.55,ev_1,,,,5580,,,,,,,osm_9202909866_p1,,37.49,
charging_progress,,osm_9202909866,,,211.3833,ev_1,,,,5600,,,,,,,osm_9202909866_p1,,37.69,
charging_progress,,osm_9202909866,,,213.2167,ev_1,,,,5620,,,,,,,osm_9202909866_p1,,37.9,
charging_progress,,osm_9202909866,,,215.05,ev_1,,,,5640,,,,,,,osm_9202909866_p1,,38.1,
charging_progress,,osm_9202909866,,,216.8833,ev_1,,,,5660,,,,,,,osm_9202909866_p1,,38.3,
charging_progress,,osm_9202909866,,,218.7167,ev_1,,,,5680,,,,,,,osm_9202909866_p1,,38.51,
charging_progress,,osm_9202909866,,,220.55,ev_1,,,,5700,,,,,,,osm_9202909866_p1,,38.71,
charging_progress,,osm_9202909866,,,222.3833,ev_1,,,,5720,,,,,,,osm_9202909866_p1,,38.92,
charging_progress,,osm_9202909866,,,224.2167,ev_1,,,,5740,,,,,,,osm_9202909866_p1,,39.12,
charging_progress,,osm_9202909866,,,226.05,ev_1,,,,5760,,,,,,,osm_9202909866_p1,,39.32,
charging_progress,,osm_9202909866,,,227.8833,ev_1,,,,5780,,,,,,,osm_9202909866_p1,,39.53,
charging_progress,,osm_9202909866,,,229.7167,ev_1,,,,5800,,,,,,,osm_9202909866_p1,,39.73,
charging_progress,,osm_9202909866,,,231.55,ev_1,,,,5820,,,,,,,osm_9202909866_p1,,39.93,
charging_progress,,osm_9202909866,,,233.3833,ev_1,,,,5840,,,,,,,osm_9202909866_p1,,40.14,
charging_progress,,osm_9202909866,,,235.2167,ev_1,,,,5860,,,,,,,osm_9202909866_p1,,40.34,
charging_progress,,osm_9202909866,,,237.05,ev_1,,,,5880,,,,,,,osm_9202909866_p1,,40.54,
charging_progress,,osm_9202909866,,,238.8833,ev_1,,,,5900,,,,,,,osm_9202909866_p1,,40.75,
charging_progress,,osm_9202909866,,,240.7167,ev_1,,,,5920,,,,,,,osm_9202909866_p1,,40.95,
charging_progress,,osm_9202909866,,,242.55,ev_1,,,,5940,,,,,,,osm_9202909866_p1,,41.16,
charging_progress,,osm_9202909866,,,244.3833,ev_1,,,,5960,,,,,,,osm_9202909866_p1,,41.36,
charging_progress,,osm_9202909866,,,246.2167,ev_1,,,,5980,,,,,,,osm_9202909866_p1,,41.56,
charging_progress,,osm_9202909866,,,248.05,ev_1,,,,6000,,,,,,,osm_9202909866_p1,,41.77,
charging_progress,,osm_9202909866,,,249.8833,ev_1,,,,6020,,,,,,,osm_9202909866_p1,,41.97,
charging_progress,,osm_9202909866,,,251.7167,ev_1,,,,6040,,,,,,,osm_9202909866_p1,,42.17,
charging_progress,,osm_9202909866,,,253.55,ev_1,,,,6060,,,,,,,osm_9202909866_p1,,42.38,
charging_progress,,osm_9202909866,,,255.3833,ev_1,,,,6080,,,,,,,osm_9202909866_p1,,42.58,
charging_progress,,osm_9202909866,,,257.2167,ev_1,,,,6100,,,,,,,osm_9202909866_p1,,42.79,
charging_progress,,osm_9202909866,,,259.05,ev_1,,,,6120,,,,,,,osm_9202909866_p1,,42.99,
charging_progress,,osm_9202909866,,,260.8833,ev_1,,,,6140,,,,,,,osm_9202909866_p1,,43.19,
charging_progress,,osm_9202909866,,,262.7167,ev_1,,,,6160,,,,,,,osm_9202909866_p1,,43.4,
charging_progress,,osm_9202909866,,,264.55,ev_1,,,,6180,,,,,,,osm_9202909866_p1,,43.6,
charging_progress,,osm_9202909866,,,266.3833,ev_1,,,,6200,,,,,,,osm_9202909866_p1,,43.8,
charging_progress,,osm_9202909866,,,268.2167,ev_1,,,,6220,,,,,,,osm_9202909866_p1,,44.01,
charging_progress,,osm_9202909866,,,270.05,ev_1,,,,6240,,,,,,,osm_9202909866_p1,,44.21,
charging_progress,,osm_9202909866,,,271.8833,ev_1,,,,6260,,,,,,,osm_9202909866_p1,,44.42,
charging_progress,,osm_9202909866,,,273.7167,ev_1,,,,6280,,,,,,,osm_9202909866_p1,,44.62,
charging_progress,,osm_9202909866,,,275.55,ev_1,,,,6300,,,,,,,osm_9202909866_p1,,44.82,
charging_progress,,osm_9202909866,,,277.3833,ev_1,,,,6320,,,,,,,osm_9202909866_p1,,45.03,
charging_progress,,osm_9202909866,,,279.2167,ev_1,,,,6340,,,,,,,osm_9202909866_p1,,45.23,
charging_progress,,osm_9202909866,,,281.05,ev_1,,,,6360,,,,,,,osm_9202909866_p1,,45.43,
charging_progress,,osm_9202909866,,,282.8833,ev_1,,,,6380,,,,,,,osm_9202909866_p1,,45.64,
charging_progress,,osm_9202909866,,,284.7167,ev_1,,,,6400,,,,,,,osm_9202909866_p1,,45.84,
charging_progress,,osm_9202909866,,,286.55,ev_1,,,,6420,,,,,,,osm_9202909866_p1,,46.04,
charging_progress,,osm_9202909866,,,288.3833,ev_1,,,,6440,,,,,,,osm_9202909866_p1,,46.25,
charging_progress,,osm_9202909866,,,290.2167,ev_1,,,,6460,,,,,,,osm_9202909866_p1,,46.45,
charging_progress,,osm_9202909866,,,292.05,ev_1,,,,6480,,,,,,,osm_9202909866_p1,,46.66,
charging_progress,,osm_9202909866,,,293.8833,ev_1,,,,6500,,,,,,,osm_9202909866_p1,,46.86,
charging_progress,,osm_9202909866,,,295.7167,ev_1,,,,6520,,,,,,,osm_9202909866_p1,,47.06,
charging_progress,,osm_9202909866,,,297.55,ev_1,,,,6540,,,,,,,osm_9202909866_p1,,47.27,
charging_progress,,osm_9202909866,,,299.3833,ev_1,,,,6560,,,,,,,osm_9202909866_p1,,47.47,
charging_progress,,osm_9202909866,,,301.2167,ev_1,,,,6580,,,,,,,osm_9202909866_p1,,47.67,
charging_progress,,osm_9202909866,,,303.05,ev_1,,,,6600,,,,,,,osm_9202909866_p1,,47.88,
charging_progress,,osm_9202909866,,,304.8833,ev_1,,,,6620,,,,,,,osm_9202909866_p1,,48.08,
charging_progress,,osm_9202909866,,,306.7167,ev_1,,,,6640,,,,,,,osm_9202909866_p1,,48.29,
charging_progress,,osm_9202909866,,,308.55,ev_1,,,,6660,,,,,,,osm_9202909866_p1,,48.49,
charging_progress,,osm_9202909866,,,310.3833,ev_1,,,,6680,,,,,,,osm_9202909866_p1,,48.69,
charging_progress,,osm_9202909866,,,312.2167,ev_1,,,,6700,,,,,,,osm_9202909866_p1,,48.9,
charging_progress,,osm_9202909866,,,314.05,ev_1,,,,6720,,,,,,,osm_9202909866_p1,,49.1,
charging_progress,,osm_9202909866,,,315.8833,ev_1,,,,6740,,,,,,,osm_9202909866_p1,,49.3,
charging_progress,,osm_9202909866,,,317.7167,ev_1,,,,6760,,,,,,,osm_9202909866_p1,,49.51,
charging_progress,,osm_9202909866,,,319.55,ev_1,,,,6780,,,,,,,osm_9202909866_p1,,49.71,
charging_progress,,osm_9202909866,,,321.3833,ev_1,,,,6800,,,,,,,osm_9202909866_p1,,49.92,
charging_progress,,osm_9202909866,,,323.2167,ev_1,,,,6820,,,,,,,osm_9202909866_p1,,50.12,
charging_progress,,osm_9202909866,,,325.05,ev_1,,,,6840,,,,,,,osm_9202909866_p1,,50.32,
charging_progress,,osm_9202909866,,,326.8833,ev_1,,,,6860,,,,,,,osm_9202909866_p1,,50.53,
charging_progress,,osm_9202909866,,,328.7167,ev_1,,,,6880,,,,,,,osm_9202909866_p1,,50.73,
charging_progress,,osm_9202909866,,,330.55,ev_1,,,,6900,,,,,,,osm_9202909866_p1,,50.93,
charging_progress,,osm_9202909866,,,332.3833,ev_1,,,,6920,,,,,,,osm_9202909866_p1,,51.14,
charging_progress,,osm_9202909866,,,334.2167,ev_1,,,,6940,,,,,,,osm_9202909866_p1,,51.34,
charging_progress,,osm_9202909866,,,336.05,ev_1,,,,6960,,,,,,,osm_9202909866_p1,,51.54,
charging_progress,,osm_9202909866,,,337.8833,ev_1,,,,6980,,,,,,,osm_9202909866_p1,,51.75,
charging_progress,,osm_9202909866,,,339.7167,ev_1,,,,7000,,,,,,,osm_9202909866_p1,,51.95,
charging_progress,,osm_9202909866,,,341.55,ev_1,,,,7020,,,,,,,osm_9202909866_p1,,52.16,
charging_progress,,osm_9202909866,,,343.3833,ev_1,,,,7040,,,,,,,osm_9202909866_p1,,52.36,
charging_progress,,osm_9202909866,,,345.2167,ev_1,,,,7060,,,,,,,osm_9202909866_p1,,52.56,
charging_progress,,osm_9202909866,,,347.05,ev_1,,,,7080,,,,,,,osm_9202909866_p1,,52.77,
charging_progress,,osm_9202909866,,,348.8833,ev_1,,,,7100,,,,,,,osm_9202909866_p1,,52.97,
charging_progress,,osm_9202909866,,,350.7167,ev_1,,,,7120,,,,,,,osm_9202909866_p1,,53.17,
charging_progress,,osm_9202909866,,,352.55,ev_1,,,,7140,,,,,,,osm_9202909866_p1,,53.38,
charging_progress,,osm_9202909866,,,354.3833,ev_1,,,,7160,,,,,,,osm_9202909866_p1,,53.58,
charging_progress,,osm_9202909866,,,356.2167,ev_1,,,,7180,,,,,,,osm_9202909866_p1,,53.79,
