step,vehicle_id,battery_pct,selected_station,selected_station_name,distance_km,travel_time,waiting_time,queue_length,charging_price_per_kwh,estimated_session_cost,charging_cost,grid_load,available_ports,price_per_kwh,estimated_wait_min,station_load_kw,recommendation_score,ppo_action,ppo_reward,recommendation_timestamp_utc,recommendation_reason,decision_factors,ppo_observation
1,ev_1,14.983523917405893,osm_9202909866,Ather Charging Grid,0.31906215258907755,0.7976553814726939,0.0,0,15.0,585.148284743347,765.148284743347,0.0,8,15.0,0.0,0.0,0.08402597402597398,5,-112.25899999999997,2026-09-02T04:02:01Z,"Best score: low wait + available port (distance 0.3 km, price 15.00/kWh, wait 0.0 min, 8 free ports; SOC 15.0%).","{'distance_km': 0.31906215258907755, 'price_per_kwh': 15.0, 'waiting_time_min': 0.0, 'available_ports': 8, 'battery_pct': 14.983523917405893}","{'vehicle_state': {'battery_pct': 14.983523917405893, 'battery_capacity_kwh': 60.0, 'remaining_range_km': 11.687148655576596}, 'station_features': {'station_id': 'osm_9202909866', 'travel_distance': 0.31906215258907755, 'travel_time': 0.7976553814726939, 'waiting_time': 0.0, 'queue_length': 0, 'available_ports': 8, 'grid_load': 0.0, 'charging_price_per_kwh': 15.0}, 'model_observation': {'vehicles_shape': [10, 6], 'stations_shape': [8, 6], 'action': 5}}"
1,ev_2,14.999037934764223,osm_11283405698,Ola Hypercharger,1.4925412979857877,3.7313532449644695,0.0,0,12.0,468.00692686969757,612.0069268696976,0.0,4,12.0,0.0,0.0,0.04846776334690919,5,-112.25899999999997,2026-09-02T04:02:02Z,"Best score: low wait + available port + shorter distance (distance 1.5 km, price 12.00/kWh, wait 0.0 min, 4 free ports; SOC 15.0%).","{'distance_km': 1.4925412979857877, 'price_per_kwh': 12.0, 'waiting_time_min': 0.0, 'available_ports': 4, 'battery_pct': 14.999037934764223}","{'vehicle_state': {'battery_pct': 14.999037934764223, 'battery_capacity_kwh': 60.0, 'remaining_range_km': 40.497402423863406}, 'station_features': {'station_id': 'osm_11283405698', 'travel_distance': 1.4925412979857877, 'travel_time': 3.7313532449644695, 'waiting_time': 0.0, 'queue_length': 0, 'available_ports': 4, 'grid_load': 0.0, 'charging_price_per_kwh': 12.0}, 'model_observation': {'vehicles_shape': [10, 6], 'stations_shape': [8, 6], 'action': 5}}"
1,ev_3,8.994640551573555,osm_9202909866,Ather Charging Grid,1.8307770559480168,4.576942639870042,0.0,0,15.0,639.0482350358379,819.048235035838,0.0,8,15.0,0.0,0.0,0.140023891359344,5,-112.25899999999997,2026-09-02T04:02:04Z,"Best score: low wait + available port + shorter distance (distance 1.8 km, price 15.00/kWh, wait 0.0 min, 8 free ports; SOC 9.0%).","{'distance_km': 1.8307770559480168, 'price_per_kwh': 15.0, 'waiting_time_min': 0.0, 'available_ports': 8, 'battery_pct': 8.994640551573555}","{'vehicle_state': {'battery_pct': 8.994640551573555, 'battery_capacity_kwh': 60.0, 'remaining_range_km': 0.0}, 'station_features': {'station_id': 'osm_9202909866', 'travel_distance': 1.8307770559480168, 'travel_time': 4.576942639870042, 'waiting_time': 0.0, 'queue_length': 0, 'available_ports': 8, 'grid_load': 0.0, 'charging_price_per_kwh': 15.0}, 'model_observation': {'vehicles_shape': [10, 6], 'stations_shape': [8, 6], 'action': 5}}"
1,ev_4,14.98035658657329,osm_10293872605,inGO,1.727172801071002,4.317932002677505,0.0,0,14.0,273.08250233639217,357.08250233639217,0.0,1,14.0,0.0,0.0,0.1335234819175909,5,-112.25899999999997,2026-09-02T04:02:05Z,"Best score: low wait + available port + shorter distance (distance 1.7 km, price 14.00/kWh, wait 0.0 min, 1 free ports; SOC 15.0%).","{'distance_km': 1.727172801071002, 'price_per_kwh': 14.0, 'waiting_time_min': 0.0, 'available_ports': 1, 'battery_pct': 14.98035658657329}","{'vehicle_state': {'battery_pct': 14.98035658657329, 'battery_capacity_kwh': 30.0, 'remaining_range_km': 14.730184631577515}, 'station_features': {'station_id': 'osm_10293872605', 'travel_distance': 1.727172801071002, 'travel_time': 4.317932002677505, 'waiting_time': 0.0, 'queue_length': 0, 'available_ports': 1, 'grid_load': 0.0, 'charging_price_per_kwh': 14.0}, 'model_observation': {'vehicles_shape': [10, 6], 'stations_shape': [8, 6], 'action': 5}}"
1,ev_5,14.995114794860111,osm_11283405698,Ola Hypercharger,1.4677292599141878,3.6693231497854697,0.0,0,12.0,468.0351734770072,612.0351734770072,0.0,4,12.0,0.0,0.0,0.054507321903371056,5,-112.25899999999997,2026-09-02T04:02:06Z,"Best score: low wait + available port + shorter distance (distance 1.5 km, price 12.00/kWh, wait 0.0 min, 4 free ports; SOC 15.0%).","{'distance_km': 1.4677292599141878, 'price_per_kwh': 12.0, 'waiting_time_min': 0.0, 'available_ports': 4, 'battery_pct': 14.995114794860111}","{'vehicle_state': {'battery_pct': 14.995114794860111, 'battery_capacity_kwh': 60.0, 'remaining_range_km': 38.98729846663629}, 'station_features': {'station_id': 'osm_11283405698', 'travel_distance': 1.4677292599141878, 'travel_time': 3.6693231497854697, 'waiting_time': 0.0, 'queue_length': 0, 'available_ports': 4, 'grid_load': 0.0, 'charging_price_per_kwh': 12.0}, 'model_observation': {'vehicles_shape': [10, 6], 'stations_shape': [8, 6], 'action': 5}}"
1,ev_7,14.980437580203091,osm_10293872605,inGO,1.7659947709094288,4.4149869272735724,0.0,0,14.0,273.082162163147,357.082162163147,0.0,1,14.0,0.0,0.0,0.13843717230692792,5,-112.25899999999997,2026-09-02T04:02:07Z,"Best score: low wait + available port + shorter distance (distance 1.8 km, price 14.00/kWh, wait 0.0 min, 1 free ports; SOC 15.0%).","{'distance_km': 1.7659947709094288, 'price_per_kwh': 14.0, 'waiting_time_min': 0.0, 'available_ports': 1, 'battery_pct': 14.980437580203091}","{'vehicle_state': {'battery_pct': 14.980437580203091, 'battery_capacity_kwh': 30.0, 'remaining_range_km': 9.175518017874394}, 'station_features': {'station_id': 'osm_10293872605', 'travel_distance': 1.7659947709094288, 'travel_time': 4.4149869272735724, 'waiting_time': 0.0, 'queue_length': 0, 'available_ports': 1, 'grid_load': 0.0, 'charging_price_per_kwh': 14.0}, 'model_observation': {'vehicles_shape': [10, 6], 'stations_shape': [8, 6], 'action': 5}}"
1,ev_8,14.950754840834463,osm_9202909866,Ather Charging Grid,0.6906912897664501,1.7267282244161253,0.0,0,15.0,292.72160321624494,382.7216032162449,0.0,8,15.0,0.0,0.0,0.09267550950385522,5,-112.25899999999997,2026-09-02T04:02:08Z,"Best score: low wait + available port + shorter distance (distance 0.7 km, price 15.00/kWh, wait 0.0 min, 8 free ports; SOC 15.0%).","{'distance_km': 0.6906912897664501, 'price_per_kwh': 15.0, 'waiting_time_min': 0.0, 'available_ports': 8, 'battery_pct': 14.950754840834463}","{'vehicle_state': {'battery_pct': 14.950754840834463, 'battery_capacity_kwh': 30.0, 'remaining_range_km': 9.468313040700465}, 'station_features': {'station_id': 'osm_9202909866', 'travel_distance': 0.6906912897664501, 'travel_time': 1.7267282244161253, 'waiting_time': 0.0, 'queue_length': 0, 'available_ports': 8, 'grid_load': 0.0, 'charging_price_per_kwh': 15.0}, 'model_observation': {'vehicles_shape': [10, 6], 'stations_shape': [8, 6], 'action': 5}}"
1,ev_10,14.991530474482389,osm_11214889013,Pulse,0.3435852240728505,0.8589630601821263,0.0,0,15.0,438.8071692972439,573.807169297244,0.0,1,15.0,0.0,0.0,0.13202885187381533,5,-112.25899999999997,2026-09-02T04:02:09Z,"Best score: low wait + available port + shorter distance (distance 0.3 km, price 15.00/kWh, wait 0.0 min, 1 free ports; SOC 15.0%).","{'distance_km': 0.3435852240728505, 'price_per_kwh': 15.0, 'waiting_time_min': 0.0, 'available_ports': 1, 'battery_pct': 14.991530474482389}","{'vehicle_state': {'battery_pct': 14.991530474482389, 'battery_capacity_kwh': 45.0, 'remaining_range_km': 19.863777878689167}, 'station_features': {'station_id': 'osm_11214889013', 'travel_distance': 0.3435852240728505, 'travel_time': 0.8589630601821263, 'waiting_time': 0.0, 'queue_length': 0, 'available_ports': 1, 'grid_load': 0.0, 'charging_price_per_kwh': 15.0}, 'model_observation': {'vehicles_shape': [10, 6], 'stations_shape': [8, 6], 'action': 5}}"
2,ev_9,14.962106285898,osm_11283405698,Ola Hypercharger,1.4414993799249831,3.603748449812458,0.0,0,12.0,351.2046260561508,459.20462605615074,0.0,4,12.0,0.0,0.0,0.07129740559229365,5,-112.25899999999997,2026-09-02T04:02:11Z,"Best score: low wait + available port + shorter distance (distance 1.4 km, price 12.00/kWh, wait 0.0 min, 4 free ports; SOC 15.0%).","{'distance_km': 1.4414993799249831, 'price_per_kwh': 12.0, 'waiting_time_min': 0.0, 'available_ports': 4, 'battery_pct': 14.962106285898}","{'vehicle_state': {'battery_pct': 14.962106285898, 'battery_capacity_kwh': 45.0, 'remaining_range_km': 14.962106285898}, 'station_features': {'station_id': 'osm_11283405698', 'travel_distance': 1.4414993799249831, 'travel_time': 3.603748449812458, 'waiting_time': 0.0, 'queue_length': 0, 'available_ports': 4, 'grid_load': 0.0, 'charging_price_per_kwh': 12.0}, 'model_observation': {'vehicles_shape': [10, 6], 'stations_shape': [8, 6], 'action': 5}}"
3,ev_6,14.981554186595355,osm_11927677057,Ola Hyper Charger,2.9833314897942937,7.458328724485734,0.0,0,12.0,234.0664049282567,306.0664049282567,0.0,2,12.0,0.0,0.0,0.11083585411132625,5,-112.25899999999997,2026-09-02T04:02:12Z,"Best score: low wait + available port + shorter distance (distance 3.0 km, price 12.00/kWh, wait 0.0 min, 2 free ports; SOC 15.0%).","{'distance_km': 2.9833314897942937, 'price_per_kwh': 12.0, 'waiting_time_min': 0.0, 'available_ports': 2, 'battery_pct': 14.981554186595355}","{'vehicle_state': {'battery_pct': 14.981554186595355, 'battery_capacity_kwh': 30.0, 'remaining_range_km': 15.730631895925121}, 'station_features': {'station_id': 'osm_11927677057', 'travel_distance': 2.9833314897942937, 'travel_time': 7.458328724485734, 'waiting_time': 0.0, 'queue_length': 0, 'available_ports': 2, 'grid_load': 0.0, 'charging_price_per_kwh': 12.0}, 'model_observation': {'vehicles_shape': [10, 6], 'stations_shape': [8, 6], 'action': 5}}"
